{
  "@context": "https://w3id.org/ro/crate/1.1/context",
  "@graph": [
    {
      "@id": "ro-crate-metadata.json",
      "@type": "CreativeWork",
      "about": {
        "@id": "./"
      },
      "conformsTo": [
        {
          "@id": "https://w3id.org/ro/crate/1.1"
        },
        {
          "@id": "https://about.workflowhub.eu/Workflow-RO-Crate/"
        }
      ]
    },
    {
      "@id": "./",
      "@type": "Dataset",
      "datePublished": "2023-12-21T01:10:05.944+00:00",
      "mainEntity": {
        "@id": "main_workflow.ga"
      }
    },
    {
      "@id": "main_workflow.ga",
      "@type": [
        "File",
        "SoftwareSourceCode",
        "ComputationalWorkflow"
      ],
      "author": [
        {
          "@id": "#aa07fc5c-dbb6-4012-a959-01cf3692ba6f"
        },
        {
          "@id": "#9e5efc0b-7959-4a1b-bb5a-7432dd938c2f"
        },
        {
          "@id": "#53abbf61-cb6e-4fa4-8788-efcb69e1d9e4"
        },
        {
          "@id": "#2d12a89f-92bc-48dd-8600-a2f28e3ca05b"
        }
      ],
      "license": {
        "@id": "https://spdx.org/licenses/GPL-3.0-or-later"
      },
      "name": "Genome Assembly using PacBio data",
      "version": 4,
      "programmingLanguage": {
        "@id": "https://w3id.org/workflowhub/workflow-ro-crate#galaxy"
      }
    },
    {
      "@id": "https://spdx.org/licenses/GPL-3.0-or-later",
      "@type": "CreativeWork",
      "name": "GPL-3.0-or-later"
    },
    {
      "@id": "https://w3id.org/workflowhub/workflow-ro-crate#galaxy",
      "@type": "ComputerLanguage",
      "identifier": {
        "@id": "https://galaxyproject.org/"
      },
      "name": "Galaxy",
      "url": {
        "@id": "https://galaxyproject.org/"
      },
      "version": "23.1"
    },
    {
      "@id": "#aa07fc5c-dbb6-4012-a959-01cf3692ba6f",
      "@type": "Person",
      "name": "Erwan Corre"
    },
    {
      "@id": "#9e5efc0b-7959-4a1b-bb5a-7432dd938c2f",
      "@type": "Person",
      "name": "Stéphanie Robin"
    },
    {
      "@id": "#53abbf61-cb6e-4fa4-8788-efcb69e1d9e4",
      "@type": "Person",
      "name": "Anthony Bretaudeau"
    },
    {
      "@id": "#2d12a89f-92bc-48dd-8600-a2f28e3ca05b",
      "@type": "Person",
      "name": "Alexandre Cormier"
    }
  ]
}