{
  "@context": "https://w3id.org/ro/crate/1.1/context",
  "@graph": [
    {
      "@id": "ro-crate-metadata.json",
      "@type": "CreativeWork",
      "about": {
        "@id": "./"
      },
      "conformsTo": [
        {
          "@id": "https://w3id.org/ro/crate/1.1"
        },
        {
          "@id": "https://about.workflowhub.eu/Workflow-RO-Crate/"
        }
      ]
    },
    {
      "@id": "./",
      "@type": "Dataset",
      "datePublished": "2023-12-14T01:10:56.760+00:00",
      "mainEntity": {
        "@id": "main_workflow.ga"
      }
    },
    {
      "@id": "main_workflow.ga",
      "@type": [
        "File",
        "SoftwareSourceCode",
        "ComputationalWorkflow"
      ],
      "author": [
        {
          "@id": "#7f850b09-7316-4411-99c8-67bd9cd86080"
        },
        {
          "@id": "#9b7704b5-463f-47be-b52e-8008a2d79f9d"
        },
        {
          "@id": "#14bf915b-a1c3-4971-8834-ef3081758cd3"
        },
        {
          "@id": "#bb63e2a2-b0c5-4bb7-a18c-c8c092c1cb9a"
        }
      ],
      "license": {
        "@id": "https://spdx.org/licenses/GPL-3.0-or-later"
      },
      "name": "Genome Assembly using PacBio data",
      "version": 4,
      "programmingLanguage": {
        "@id": "https://w3id.org/workflowhub/workflow-ro-crate#galaxy"
      }
    },
    {
      "@id": "https://spdx.org/licenses/GPL-3.0-or-later",
      "@type": "CreativeWork",
      "name": "GPL-3.0-or-later"
    },
    {
      "@id": "https://w3id.org/workflowhub/workflow-ro-crate#galaxy",
      "@type": "ComputerLanguage",
      "identifier": {
        "@id": "https://galaxyproject.org/"
      },
      "name": "Galaxy",
      "url": {
        "@id": "https://galaxyproject.org/"
      },
      "version": "23.1"
    },
    {
      "@id": "#7f850b09-7316-4411-99c8-67bd9cd86080",
      "@type": "Person",
      "name": "Erwan Corre"
    },
    {
      "@id": "#9b7704b5-463f-47be-b52e-8008a2d79f9d",
      "@type": "Person",
      "name": "Stéphanie Robin"
    },
    {
      "@id": "#14bf915b-a1c3-4971-8834-ef3081758cd3",
      "@type": "Person",
      "name": "Anthony Bretaudeau"
    },
    {
      "@id": "#bb63e2a2-b0c5-4bb7-a18c-c8c092c1cb9a",
      "@type": "Person",
      "name": "Alexandre Cormier"
    }
  ]
}