{
  "@context": "https://w3id.org/ro/crate/1.1/context",
  "@graph": [
    {
      "@id": "ro-crate-metadata.json",
      "@type": "CreativeWork",
      "about": {
        "@id": "./"
      },
      "conformsTo": [
        {
          "@id": "https://w3id.org/ro/crate/1.1"
        },
        {
          "@id": "https://about.workflowhub.eu/Workflow-RO-Crate/"
        }
      ]
    },
    {
      "@id": "./",
      "@type": "Dataset",
      "datePublished": "2023-12-12T01:14:19.409+00:00",
      "mainEntity": {
        "@id": "main_workflow.ga"
      }
    },
    {
      "@id": "main_workflow.ga",
      "@type": [
        "File",
        "SoftwareSourceCode",
        "ComputationalWorkflow"
      ],
      "author": [
        {
          "@id": "#9f35a159-69fa-49a1-b8ec-254ad2015ac5"
        },
        {
          "@id": "#87453594-54bc-42c8-9198-39e3c80513d3"
        },
        {
          "@id": "#70291487-d3ec-4429-87b9-825ae5a9e6d3"
        },
        {
          "@id": "#689064e4-9719-4c39-9022-e9a4f2048f7d"
        }
      ],
      "license": {
        "@id": "https://spdx.org/licenses/GPL-3.0-or-later"
      },
      "name": "Genome Assembly using PacBio data",
      "version": 4,
      "programmingLanguage": {
        "@id": "https://w3id.org/workflowhub/workflow-ro-crate#galaxy"
      }
    },
    {
      "@id": "https://spdx.org/licenses/GPL-3.0-or-later",
      "@type": "CreativeWork",
      "name": "GPL-3.0-or-later"
    },
    {
      "@id": "https://w3id.org/workflowhub/workflow-ro-crate#galaxy",
      "@type": "ComputerLanguage",
      "identifier": {
        "@id": "https://galaxyproject.org/"
      },
      "name": "Galaxy",
      "url": {
        "@id": "https://galaxyproject.org/"
      },
      "version": "23.1"
    },
    {
      "@id": "#9f35a159-69fa-49a1-b8ec-254ad2015ac5",
      "@type": "Person",
      "name": "Erwan Corre"
    },
    {
      "@id": "#87453594-54bc-42c8-9198-39e3c80513d3",
      "@type": "Person",
      "name": "Stéphanie Robin"
    },
    {
      "@id": "#70291487-d3ec-4429-87b9-825ae5a9e6d3",
      "@type": "Person",
      "name": "Anthony Bretaudeau"
    },
    {
      "@id": "#689064e4-9719-4c39-9022-e9a4f2048f7d",
      "@type": "Person",
      "name": "Alexandre Cormier"
    }
  ]
}