{
  "@context": "https://w3id.org/ro/crate/1.1/context",
  "@graph": [
    {
      "@id": "ro-crate-metadata.json",
      "@type": "CreativeWork",
      "about": {
        "@id": "./"
      },
      "conformsTo": [
        {
          "@id": "https://w3id.org/ro/crate/1.1"
        },
        {
          "@id": "https://about.workflowhub.eu/Workflow-RO-Crate/"
        }
      ]
    },
    {
      "@id": "./",
      "@type": "Dataset",
      "datePublished": "2024-01-06T01:12:01.156+00:00",
      "mainEntity": {
        "@id": "main_workflow.ga"
      }
    },
    {
      "@id": "main_workflow.ga",
      "@type": [
        "File",
        "SoftwareSourceCode",
        "ComputationalWorkflow"
      ],
      "author": [
        {
          "@id": "#b60e2ab2-8a27-4ee4-af11-95c1274ebb19"
        },
        {
          "@id": "#a67dd573-58cf-43ee-881c-f4e9074f6351"
        },
        {
          "@id": "#acc06e7a-12ac-4081-9a64-d07a21d68dad"
        },
        {
          "@id": "#cbe9fe68-7f7c-44f7-a364-ad57ccd962a9"
        }
      ],
      "license": {
        "@id": "https://spdx.org/licenses/GPL-3.0-or-later"
      },
      "name": "Genome Assembly using PacBio data",
      "version": 4,
      "programmingLanguage": {
        "@id": "https://w3id.org/workflowhub/workflow-ro-crate#galaxy"
      }
    },
    {
      "@id": "https://spdx.org/licenses/GPL-3.0-or-later",
      "@type": "CreativeWork",
      "name": "GPL-3.0-or-later"
    },
    {
      "@id": "https://w3id.org/workflowhub/workflow-ro-crate#galaxy",
      "@type": "ComputerLanguage",
      "identifier": {
        "@id": "https://galaxyproject.org/"
      },
      "name": "Galaxy",
      "url": {
        "@id": "https://galaxyproject.org/"
      },
      "version": "23.1"
    },
    {
      "@id": "#b60e2ab2-8a27-4ee4-af11-95c1274ebb19",
      "@type": "Person",
      "name": "Erwan Corre"
    },
    {
      "@id": "#a67dd573-58cf-43ee-881c-f4e9074f6351",
      "@type": "Person",
      "name": "Stéphanie Robin"
    },
    {
      "@id": "#acc06e7a-12ac-4081-9a64-d07a21d68dad",
      "@type": "Person",
      "name": "Anthony Bretaudeau"
    },
    {
      "@id": "#cbe9fe68-7f7c-44f7-a364-ad57ccd962a9",
      "@type": "Person",
      "name": "Alexandre Cormier"
    }
  ]
}