{
  "@context": "https://w3id.org/ro/crate/1.1/context",
  "@graph": [
    {
      "@id": "ro-crate-metadata.json",
      "@type": "CreativeWork",
      "about": {
        "@id": "./"
      },
      "conformsTo": [
        {
          "@id": "https://w3id.org/ro/crate/1.1"
        },
        {
          "@id": "https://about.workflowhub.eu/Workflow-RO-Crate/"
        }
      ]
    },
    {
      "@id": "./",
      "@type": "Dataset",
      "datePublished": "2023-12-01T01:17:29.398+00:00",
      "mainEntity": {
        "@id": "main_workflow.ga"
      }
    },
    {
      "@id": "main_workflow.ga",
      "@type": [
        "File",
        "SoftwareSourceCode",
        "ComputationalWorkflow"
      ],
      "author": [
        {
          "@id": "#a027551a-f928-4238-b800-98c1a04d87cf"
        },
        {
          "@id": "#b94fa6cf-f894-4e04-95ff-6643acf45ba2"
        },
        {
          "@id": "#af2bb6ff-6392-46b1-8b8d-e1fb249147f8"
        },
        {
          "@id": "#15418699-6c8f-4ef2-9405-7951d3f86c31"
        }
      ],
      "license": {
        "@id": "https://spdx.org/licenses/GPL-3.0-or-later"
      },
      "name": "Genome Assembly using PacBio data",
      "version": 4,
      "programmingLanguage": {
        "@id": "https://w3id.org/workflowhub/workflow-ro-crate#galaxy"
      }
    },
    {
      "@id": "https://spdx.org/licenses/GPL-3.0-or-later",
      "@type": "CreativeWork",
      "name": "GPL-3.0-or-later"
    },
    {
      "@id": "https://w3id.org/workflowhub/workflow-ro-crate#galaxy",
      "@type": "ComputerLanguage",
      "identifier": {
        "@id": "https://galaxyproject.org/"
      },
      "name": "Galaxy",
      "url": {
        "@id": "https://galaxyproject.org/"
      },
      "version": "23.1"
    },
    {
      "@id": "#a027551a-f928-4238-b800-98c1a04d87cf",
      "@type": "Person",
      "name": "Erwan Corre"
    },
    {
      "@id": "#b94fa6cf-f894-4e04-95ff-6643acf45ba2",
      "@type": "Person",
      "name": "Stéphanie Robin"
    },
    {
      "@id": "#af2bb6ff-6392-46b1-8b8d-e1fb249147f8",
      "@type": "Person",
      "name": "Anthony Bretaudeau"
    },
    {
      "@id": "#15418699-6c8f-4ef2-9405-7951d3f86c31",
      "@type": "Person",
      "name": "Alexandre Cormier"
    }
  ]
}