{
  "@context": "https://w3id.org/ro/crate/1.1/context",
  "@graph": [
    {
      "@id": "ro-crate-metadata.json",
      "@type": "CreativeWork",
      "about": {
        "@id": "./"
      },
      "conformsTo": [
        {
          "@id": "https://w3id.org/ro/crate/1.1"
        },
        {
          "@id": "https://about.workflowhub.eu/Workflow-RO-Crate/"
        }
      ]
    },
    {
      "@id": "./",
      "@type": "Dataset",
      "datePublished": "2023-12-17T01:16:23.364+00:00",
      "mainEntity": {
        "@id": "main_workflow.ga"
      }
    },
    {
      "@id": "main_workflow.ga",
      "@type": [
        "File",
        "SoftwareSourceCode",
        "ComputationalWorkflow"
      ],
      "author": [
        {
          "@id": "#bdc23a79-667f-474b-b091-ceb92b15c70a"
        },
        {
          "@id": "#88de4a8e-169b-406f-b200-383b64ca41e6"
        },
        {
          "@id": "#70cbc1f8-fe98-4b30-81a0-a0676297760a"
        },
        {
          "@id": "#b1ddd92d-0bca-4d73-a9a4-a014d73c58a8"
        }
      ],
      "license": {
        "@id": "https://spdx.org/licenses/GPL-3.0-or-later"
      },
      "name": "Genome Assembly using PacBio data",
      "version": 4,
      "programmingLanguage": {
        "@id": "https://w3id.org/workflowhub/workflow-ro-crate#galaxy"
      }
    },
    {
      "@id": "https://spdx.org/licenses/GPL-3.0-or-later",
      "@type": "CreativeWork",
      "name": "GPL-3.0-or-later"
    },
    {
      "@id": "https://w3id.org/workflowhub/workflow-ro-crate#galaxy",
      "@type": "ComputerLanguage",
      "identifier": {
        "@id": "https://galaxyproject.org/"
      },
      "name": "Galaxy",
      "url": {
        "@id": "https://galaxyproject.org/"
      },
      "version": "23.1"
    },
    {
      "@id": "#bdc23a79-667f-474b-b091-ceb92b15c70a",
      "@type": "Person",
      "name": "Erwan Corre"
    },
    {
      "@id": "#88de4a8e-169b-406f-b200-383b64ca41e6",
      "@type": "Person",
      "name": "Stéphanie Robin"
    },
    {
      "@id": "#70cbc1f8-fe98-4b30-81a0-a0676297760a",
      "@type": "Person",
      "name": "Anthony Bretaudeau"
    },
    {
      "@id": "#b1ddd92d-0bca-4d73-a9a4-a014d73c58a8",
      "@type": "Person",
      "name": "Alexandre Cormier"
    }
  ]
}