{
  "@context": "https://w3id.org/ro/crate/1.1/context",
  "@graph": [
    {
      "@id": "ro-crate-metadata.json",
      "@type": "CreativeWork",
      "about": {
        "@id": "./"
      },
      "conformsTo": [
        {
          "@id": "https://w3id.org/ro/crate/1.1"
        },
        {
          "@id": "https://about.workflowhub.eu/Workflow-RO-Crate/"
        }
      ]
    },
    {
      "@id": "./",
      "@type": "Dataset",
      "datePublished": "2023-11-16T01:13:13.184+00:00",
      "mainEntity": {
        "@id": "main_workflow.ga"
      }
    },
    {
      "@id": "main_workflow.ga",
      "@type": [
        "File",
        "SoftwareSourceCode",
        "ComputationalWorkflow"
      ],
      "author": [
        {
          "@id": "#e5a3e4e7-bc83-4796-a609-c1a5b7fb1067"
        },
        {
          "@id": "#12298e58-d78e-45d3-a46a-67cd9bdf2a55"
        },
        {
          "@id": "#6f33022a-ca4f-4fe6-99f2-2c456eaf5e26"
        },
        {
          "@id": "#39a679bb-524b-42f3-8787-45be994babc8"
        }
      ],
      "license": {
        "@id": "https://spdx.org/licenses/GPL-3.0-or-later"
      },
      "name": "Genome Assembly using PacBio data",
      "version": 4,
      "programmingLanguage": {
        "@id": "https://w3id.org/workflowhub/workflow-ro-crate#galaxy"
      }
    },
    {
      "@id": "https://spdx.org/licenses/GPL-3.0-or-later",
      "@type": "CreativeWork",
      "name": "GPL-3.0-or-later"
    },
    {
      "@id": "https://w3id.org/workflowhub/workflow-ro-crate#galaxy",
      "@type": "ComputerLanguage",
      "identifier": {
        "@id": "https://galaxyproject.org/"
      },
      "name": "Galaxy",
      "url": {
        "@id": "https://galaxyproject.org/"
      },
      "version": "23.1"
    },
    {
      "@id": "#e5a3e4e7-bc83-4796-a609-c1a5b7fb1067",
      "@type": "Person",
      "name": "Erwan Corre"
    },
    {
      "@id": "#12298e58-d78e-45d3-a46a-67cd9bdf2a55",
      "@type": "Person",
      "name": "Stéphanie Robin"
    },
    {
      "@id": "#6f33022a-ca4f-4fe6-99f2-2c456eaf5e26",
      "@type": "Person",
      "name": "Anthony Bretaudeau"
    },
    {
      "@id": "#39a679bb-524b-42f3-8787-45be994babc8",
      "@type": "Person",
      "name": "Alexandre Cormier"
    }
  ]
}