{
  "@context": "https://w3id.org/ro/crate/1.1/context",
  "@graph": [
    {
      "@id": "ro-crate-metadata.json",
      "@type": "CreativeWork",
      "about": {
        "@id": "./"
      },
      "conformsTo": [
        {
          "@id": "https://w3id.org/ro/crate/1.1"
        },
        {
          "@id": "https://about.workflowhub.eu/Workflow-RO-Crate/"
        }
      ]
    },
    {
      "@id": "./",
      "@type": "Dataset",
      "datePublished": "2024-01-12T01:13:08.750+00:00",
      "mainEntity": {
        "@id": "main_workflow.ga"
      }
    },
    {
      "@id": "main_workflow.ga",
      "@type": [
        "File",
        "SoftwareSourceCode",
        "ComputationalWorkflow"
      ],
      "author": [
        {
          "@id": "#a4d108d2-b59b-41a0-949b-19a933f45cf4"
        },
        {
          "@id": "#7fafce8d-ad19-4020-a9fc-c9f94866ad91"
        },
        {
          "@id": "#64857913-c382-4d6b-81a2-32ddfddeb61b"
        },
        {
          "@id": "#61d306c0-2084-4e81-be70-f630fddafd7f"
        }
      ],
      "license": {
        "@id": "https://spdx.org/licenses/GPL-3.0-or-later"
      },
      "name": "Genome Assembly using PacBio data",
      "version": 4,
      "programmingLanguage": {
        "@id": "https://w3id.org/workflowhub/workflow-ro-crate#galaxy"
      }
    },
    {
      "@id": "https://spdx.org/licenses/GPL-3.0-or-later",
      "@type": "CreativeWork",
      "name": "GPL-3.0-or-later"
    },
    {
      "@id": "https://w3id.org/workflowhub/workflow-ro-crate#galaxy",
      "@type": "ComputerLanguage",
      "identifier": {
        "@id": "https://galaxyproject.org/"
      },
      "name": "Galaxy",
      "url": {
        "@id": "https://galaxyproject.org/"
      },
      "version": "23.1"
    },
    {
      "@id": "#a4d108d2-b59b-41a0-949b-19a933f45cf4",
      "@type": "Person",
      "name": "Erwan Corre"
    },
    {
      "@id": "#7fafce8d-ad19-4020-a9fc-c9f94866ad91",
      "@type": "Person",
      "name": "Stéphanie Robin"
    },
    {
      "@id": "#64857913-c382-4d6b-81a2-32ddfddeb61b",
      "@type": "Person",
      "name": "Anthony Bretaudeau"
    },
    {
      "@id": "#61d306c0-2084-4e81-be70-f630fddafd7f",
      "@type": "Person",
      "name": "Alexandre Cormier"
    }
  ]
}