{
  "@context": "https://w3id.org/ro/crate/1.1/context",
  "@graph": [
    {
      "@id": "ro-crate-metadata.json",
      "@type": "CreativeWork",
      "about": {
        "@id": "./"
      },
      "conformsTo": [
        {
          "@id": "https://w3id.org/ro/crate/1.1"
        },
        {
          "@id": "https://about.workflowhub.eu/Workflow-RO-Crate/"
        }
      ]
    },
    {
      "@id": "./",
      "@type": "Dataset",
      "datePublished": "2023-12-25T01:11:49.592+00:00",
      "mainEntity": {
        "@id": "main_workflow.ga"
      }
    },
    {
      "@id": "main_workflow.ga",
      "@type": [
        "File",
        "SoftwareSourceCode",
        "ComputationalWorkflow"
      ],
      "author": [
        {
          "@id": "#1f76af8b-2a30-48bb-95ec-f27ff6f0041f"
        },
        {
          "@id": "#2a32cd3b-1efc-4950-afab-4adb87505962"
        },
        {
          "@id": "#b09e4e59-8201-437c-8b5e-7aa829d59189"
        },
        {
          "@id": "#a9f6fda9-1eb6-43d8-a70a-27b55090d58b"
        }
      ],
      "license": {
        "@id": "https://spdx.org/licenses/GPL-3.0-or-later"
      },
      "name": "Genome Assembly using PacBio data",
      "version": 4,
      "programmingLanguage": {
        "@id": "https://w3id.org/workflowhub/workflow-ro-crate#galaxy"
      }
    },
    {
      "@id": "https://spdx.org/licenses/GPL-3.0-or-later",
      "@type": "CreativeWork",
      "name": "GPL-3.0-or-later"
    },
    {
      "@id": "https://w3id.org/workflowhub/workflow-ro-crate#galaxy",
      "@type": "ComputerLanguage",
      "identifier": {
        "@id": "https://galaxyproject.org/"
      },
      "name": "Galaxy",
      "url": {
        "@id": "https://galaxyproject.org/"
      },
      "version": "23.1"
    },
    {
      "@id": "#1f76af8b-2a30-48bb-95ec-f27ff6f0041f",
      "@type": "Person",
      "name": "Erwan Corre"
    },
    {
      "@id": "#2a32cd3b-1efc-4950-afab-4adb87505962",
      "@type": "Person",
      "name": "Stéphanie Robin"
    },
    {
      "@id": "#b09e4e59-8201-437c-8b5e-7aa829d59189",
      "@type": "Person",
      "name": "Anthony Bretaudeau"
    },
    {
      "@id": "#a9f6fda9-1eb6-43d8-a70a-27b55090d58b",
      "@type": "Person",
      "name": "Alexandre Cormier"
    }
  ]
}