{
  "@context": "https://w3id.org/ro/crate/1.1/context",
  "@graph": [
    {
      "@id": "ro-crate-metadata.json",
      "@type": "CreativeWork",
      "about": {
        "@id": "./"
      },
      "conformsTo": [
        {
          "@id": "https://w3id.org/ro/crate/1.1"
        },
        {
          "@id": "https://about.workflowhub.eu/Workflow-RO-Crate/"
        }
      ]
    },
    {
      "@id": "./",
      "@type": "Dataset",
      "datePublished": "2024-01-21T01:18:16.428+00:00",
      "mainEntity": {
        "@id": "main_workflow.ga"
      }
    },
    {
      "@id": "main_workflow.ga",
      "@type": [
        "File",
        "SoftwareSourceCode",
        "ComputationalWorkflow"
      ],
      "author": [
        {
          "@id": "#423eb1bd-0f43-4eb8-a6c9-0b67f25a5da9"
        },
        {
          "@id": "#cf3e65ea-cbd0-4122-a453-a15bf94d83be"
        },
        {
          "@id": "#4535ae7b-bdc8-4354-94d9-d7294370613d"
        },
        {
          "@id": "#716d12d9-1351-4107-8aa0-af7223919615"
        }
      ],
      "license": {
        "@id": "https://spdx.org/licenses/GPL-3.0-or-later"
      },
      "name": "Genome Assembly using PacBio data",
      "version": 4,
      "programmingLanguage": {
        "@id": "https://w3id.org/workflowhub/workflow-ro-crate#galaxy"
      }
    },
    {
      "@id": "https://spdx.org/licenses/GPL-3.0-or-later",
      "@type": "CreativeWork",
      "name": "GPL-3.0-or-later"
    },
    {
      "@id": "https://w3id.org/workflowhub/workflow-ro-crate#galaxy",
      "@type": "ComputerLanguage",
      "identifier": {
        "@id": "https://galaxyproject.org/"
      },
      "name": "Galaxy",
      "url": {
        "@id": "https://galaxyproject.org/"
      },
      "version": "23.1"
    },
    {
      "@id": "#423eb1bd-0f43-4eb8-a6c9-0b67f25a5da9",
      "@type": "Person",
      "name": "Erwan Corre"
    },
    {
      "@id": "#cf3e65ea-cbd0-4122-a453-a15bf94d83be",
      "@type": "Person",
      "name": "Stéphanie Robin"
    },
    {
      "@id": "#4535ae7b-bdc8-4354-94d9-d7294370613d",
      "@type": "Person",
      "name": "Anthony Bretaudeau"
    },
    {
      "@id": "#716d12d9-1351-4107-8aa0-af7223919615",
      "@type": "Person",
      "name": "Alexandre Cormier"
    }
  ]
}