{
  "@context": "https://w3id.org/ro/crate/1.1/context",
  "@graph": [
    {
      "@id": "ro-crate-metadata.json",
      "@type": "CreativeWork",
      "about": {
        "@id": "./"
      },
      "conformsTo": [
        {
          "@id": "https://w3id.org/ro/crate/1.1"
        },
        {
          "@id": "https://about.workflowhub.eu/Workflow-RO-Crate/"
        }
      ]
    },
    {
      "@id": "./",
      "@type": "Dataset",
      "datePublished": "2023-12-30T01:08:19.881+00:00",
      "mainEntity": {
        "@id": "main_workflow.ga"
      }
    },
    {
      "@id": "main_workflow.ga",
      "@type": [
        "File",
        "SoftwareSourceCode",
        "ComputationalWorkflow"
      ],
      "author": [
        {
          "@id": "#9bb9e51e-412d-414d-bffe-22b711d61ca8"
        },
        {
          "@id": "#1721222c-f098-443b-bbe2-05298744aff1"
        },
        {
          "@id": "#e22f7639-5283-42fa-8919-a1bfba0098bc"
        },
        {
          "@id": "#76193dbb-87c8-4ab3-bc6c-c59b62aa4f6b"
        }
      ],
      "license": {
        "@id": "https://spdx.org/licenses/GPL-3.0-or-later"
      },
      "name": "Genome Assembly using PacBio data",
      "version": 4,
      "programmingLanguage": {
        "@id": "https://w3id.org/workflowhub/workflow-ro-crate#galaxy"
      }
    },
    {
      "@id": "https://spdx.org/licenses/GPL-3.0-or-later",
      "@type": "CreativeWork",
      "name": "GPL-3.0-or-later"
    },
    {
      "@id": "https://w3id.org/workflowhub/workflow-ro-crate#galaxy",
      "@type": "ComputerLanguage",
      "identifier": {
        "@id": "https://galaxyproject.org/"
      },
      "name": "Galaxy",
      "url": {
        "@id": "https://galaxyproject.org/"
      },
      "version": "23.1"
    },
    {
      "@id": "#9bb9e51e-412d-414d-bffe-22b711d61ca8",
      "@type": "Person",
      "name": "Erwan Corre"
    },
    {
      "@id": "#1721222c-f098-443b-bbe2-05298744aff1",
      "@type": "Person",
      "name": "Stéphanie Robin"
    },
    {
      "@id": "#e22f7639-5283-42fa-8919-a1bfba0098bc",
      "@type": "Person",
      "name": "Anthony Bretaudeau"
    },
    {
      "@id": "#76193dbb-87c8-4ab3-bc6c-c59b62aa4f6b",
      "@type": "Person",
      "name": "Alexandre Cormier"
    }
  ]
}