{
  "@context": "https://w3id.org/ro/crate/1.1/context",
  "@graph": [
    {
      "@id": "ro-crate-metadata.json",
      "@type": "CreativeWork",
      "about": {
        "@id": "./"
      },
      "conformsTo": [
        {
          "@id": "https://w3id.org/ro/crate/1.1"
        },
        {
          "@id": "https://about.workflowhub.eu/Workflow-RO-Crate/"
        }
      ]
    },
    {
      "@id": "./",
      "@type": "Dataset",
      "datePublished": "2023-12-09T01:10:07.925+00:00",
      "mainEntity": {
        "@id": "main_workflow.ga"
      }
    },
    {
      "@id": "main_workflow.ga",
      "@type": [
        "File",
        "SoftwareSourceCode",
        "ComputationalWorkflow"
      ],
      "author": [
        {
          "@id": "#40ac8203-d377-44d9-a2db-f3901c1b4a4a"
        },
        {
          "@id": "#d15639bd-7cc2-4538-9948-7222f63c1be3"
        },
        {
          "@id": "#cbe945f8-6961-4b18-9492-0753bfead8f8"
        },
        {
          "@id": "#0e5e07b7-8974-4c5c-b121-da42907c4bba"
        }
      ],
      "license": {
        "@id": "https://spdx.org/licenses/GPL-3.0-or-later"
      },
      "name": "Genome Assembly using PacBio data",
      "version": 4,
      "programmingLanguage": {
        "@id": "https://w3id.org/workflowhub/workflow-ro-crate#galaxy"
      }
    },
    {
      "@id": "https://spdx.org/licenses/GPL-3.0-or-later",
      "@type": "CreativeWork",
      "name": "GPL-3.0-or-later"
    },
    {
      "@id": "https://w3id.org/workflowhub/workflow-ro-crate#galaxy",
      "@type": "ComputerLanguage",
      "identifier": {
        "@id": "https://galaxyproject.org/"
      },
      "name": "Galaxy",
      "url": {
        "@id": "https://galaxyproject.org/"
      },
      "version": "23.1"
    },
    {
      "@id": "#40ac8203-d377-44d9-a2db-f3901c1b4a4a",
      "@type": "Person",
      "name": "Erwan Corre"
    },
    {
      "@id": "#d15639bd-7cc2-4538-9948-7222f63c1be3",
      "@type": "Person",
      "name": "Stéphanie Robin"
    },
    {
      "@id": "#cbe945f8-6961-4b18-9492-0753bfead8f8",
      "@type": "Person",
      "name": "Anthony Bretaudeau"
    },
    {
      "@id": "#0e5e07b7-8974-4c5c-b121-da42907c4bba",
      "@type": "Person",
      "name": "Alexandre Cormier"
    }
  ]
}