{
  "@context": "https://w3id.org/ro/crate/1.1/context",
  "@graph": [
    {
      "@id": "ro-crate-metadata.json",
      "@type": "CreativeWork",
      "about": {
        "@id": "./"
      },
      "conformsTo": [
        {
          "@id": "https://w3id.org/ro/crate/1.1"
        },
        {
          "@id": "https://about.workflowhub.eu/Workflow-RO-Crate/"
        }
      ]
    },
    {
      "@id": "./",
      "@type": "Dataset",
      "datePublished": "2023-11-25T01:08:17.473+00:00",
      "mainEntity": {
        "@id": "main_workflow.ga"
      }
    },
    {
      "@id": "main_workflow.ga",
      "@type": [
        "File",
        "SoftwareSourceCode",
        "ComputationalWorkflow"
      ],
      "author": [
        {
          "@id": "#a23e628f-0051-44d3-97c2-50d5c8c4b719"
        },
        {
          "@id": "#32c5b8ae-2487-4eca-9f5a-815914e8ac28"
        },
        {
          "@id": "#b8f75122-04b6-4f18-abac-4260d636305b"
        },
        {
          "@id": "#58fbba00-0646-40c3-9df0-5cdc057c7a80"
        }
      ],
      "license": {
        "@id": "https://spdx.org/licenses/GPL-3.0-or-later"
      },
      "name": "Genome Assembly using PacBio data",
      "version": 4,
      "programmingLanguage": {
        "@id": "https://w3id.org/workflowhub/workflow-ro-crate#galaxy"
      }
    },
    {
      "@id": "https://spdx.org/licenses/GPL-3.0-or-later",
      "@type": "CreativeWork",
      "name": "GPL-3.0-or-later"
    },
    {
      "@id": "https://w3id.org/workflowhub/workflow-ro-crate#galaxy",
      "@type": "ComputerLanguage",
      "identifier": {
        "@id": "https://galaxyproject.org/"
      },
      "name": "Galaxy",
      "url": {
        "@id": "https://galaxyproject.org/"
      },
      "version": "23.1"
    },
    {
      "@id": "#a23e628f-0051-44d3-97c2-50d5c8c4b719",
      "@type": "Person",
      "name": "Erwan Corre"
    },
    {
      "@id": "#32c5b8ae-2487-4eca-9f5a-815914e8ac28",
      "@type": "Person",
      "name": "Stéphanie Robin"
    },
    {
      "@id": "#b8f75122-04b6-4f18-abac-4260d636305b",
      "@type": "Person",
      "name": "Anthony Bretaudeau"
    },
    {
      "@id": "#58fbba00-0646-40c3-9df0-5cdc057c7a80",
      "@type": "Person",
      "name": "Alexandre Cormier"
    }
  ]
}