{
  "@context": "https://w3id.org/ro/crate/1.1/context",
  "@graph": [
    {
      "@id": "ro-crate-metadata.json",
      "@type": "CreativeWork",
      "about": {
        "@id": "./"
      },
      "conformsTo": [
        {
          "@id": "https://w3id.org/ro/crate/1.1"
        },
        {
          "@id": "https://about.workflowhub.eu/Workflow-RO-Crate/"
        }
      ]
    },
    {
      "@id": "./",
      "@type": "Dataset",
      "datePublished": "2023-11-27T01:11:20.947+00:00",
      "mainEntity": {
        "@id": "main_workflow.ga"
      }
    },
    {
      "@id": "main_workflow.ga",
      "@type": [
        "File",
        "SoftwareSourceCode",
        "ComputationalWorkflow"
      ],
      "author": [
        {
          "@id": "#a61b6aed-d33d-4950-a146-2b63da53da2e"
        },
        {
          "@id": "#78b1b9ac-b915-45a8-8fb0-90499e7c6fa0"
        },
        {
          "@id": "#2df5e313-3035-4535-9560-96efbd422ce6"
        },
        {
          "@id": "#f09a820e-00cb-4ada-943b-0c01aa2e76aa"
        }
      ],
      "license": {
        "@id": "https://spdx.org/licenses/GPL-3.0-or-later"
      },
      "name": "Genome Assembly using PacBio data",
      "version": 4,
      "programmingLanguage": {
        "@id": "https://w3id.org/workflowhub/workflow-ro-crate#galaxy"
      }
    },
    {
      "@id": "https://spdx.org/licenses/GPL-3.0-or-later",
      "@type": "CreativeWork",
      "name": "GPL-3.0-or-later"
    },
    {
      "@id": "https://w3id.org/workflowhub/workflow-ro-crate#galaxy",
      "@type": "ComputerLanguage",
      "identifier": {
        "@id": "https://galaxyproject.org/"
      },
      "name": "Galaxy",
      "url": {
        "@id": "https://galaxyproject.org/"
      },
      "version": "23.1"
    },
    {
      "@id": "#a61b6aed-d33d-4950-a146-2b63da53da2e",
      "@type": "Person",
      "name": "Erwan Corre"
    },
    {
      "@id": "#78b1b9ac-b915-45a8-8fb0-90499e7c6fa0",
      "@type": "Person",
      "name": "Stéphanie Robin"
    },
    {
      "@id": "#2df5e313-3035-4535-9560-96efbd422ce6",
      "@type": "Person",
      "name": "Anthony Bretaudeau"
    },
    {
      "@id": "#f09a820e-00cb-4ada-943b-0c01aa2e76aa",
      "@type": "Person",
      "name": "Alexandre Cormier"
    }
  ]
}