{
  "@context": "https://w3id.org/ro/crate/1.1/context",
  "@graph": [
    {
      "@id": "ro-crate-metadata.json",
      "@type": "CreativeWork",
      "about": {
        "@id": "./"
      },
      "conformsTo": [
        {
          "@id": "https://w3id.org/ro/crate/1.1"
        },
        {
          "@id": "https://about.workflowhub.eu/Workflow-RO-Crate/"
        }
      ]
    },
    {
      "@id": "./",
      "@type": "Dataset",
      "datePublished": "2024-01-14T01:18:57.340+00:00",
      "mainEntity": {
        "@id": "main_workflow.ga"
      }
    },
    {
      "@id": "main_workflow.ga",
      "@type": [
        "File",
        "SoftwareSourceCode",
        "ComputationalWorkflow"
      ],
      "author": [
        {
          "@id": "#f63b5712-e434-4332-a123-a2bc58b309f9"
        },
        {
          "@id": "#368682db-13c5-4519-ab13-8f87c39874e5"
        },
        {
          "@id": "#fe25164f-d303-4c58-b03f-11865e95d842"
        },
        {
          "@id": "#81221a18-ed53-4cfc-a4a9-ba5892df0fba"
        }
      ],
      "license": {
        "@id": "https://spdx.org/licenses/GPL-3.0-or-later"
      },
      "name": "Genome Assembly using PacBio data",
      "version": 4,
      "programmingLanguage": {
        "@id": "https://w3id.org/workflowhub/workflow-ro-crate#galaxy"
      }
    },
    {
      "@id": "https://spdx.org/licenses/GPL-3.0-or-later",
      "@type": "CreativeWork",
      "name": "GPL-3.0-or-later"
    },
    {
      "@id": "https://w3id.org/workflowhub/workflow-ro-crate#galaxy",
      "@type": "ComputerLanguage",
      "identifier": {
        "@id": "https://galaxyproject.org/"
      },
      "name": "Galaxy",
      "url": {
        "@id": "https://galaxyproject.org/"
      },
      "version": "23.1"
    },
    {
      "@id": "#f63b5712-e434-4332-a123-a2bc58b309f9",
      "@type": "Person",
      "name": "Erwan Corre"
    },
    {
      "@id": "#368682db-13c5-4519-ab13-8f87c39874e5",
      "@type": "Person",
      "name": "Stéphanie Robin"
    },
    {
      "@id": "#fe25164f-d303-4c58-b03f-11865e95d842",
      "@type": "Person",
      "name": "Anthony Bretaudeau"
    },
    {
      "@id": "#81221a18-ed53-4cfc-a4a9-ba5892df0fba",
      "@type": "Person",
      "name": "Alexandre Cormier"
    }
  ]
}