{
  "@context": "https://w3id.org/ro/crate/1.1/context",
  "@graph": [
    {
      "@id": "ro-crate-metadata.json",
      "@type": "CreativeWork",
      "about": {
        "@id": "./"
      },
      "conformsTo": [
        {
          "@id": "https://w3id.org/ro/crate/1.1"
        },
        {
          "@id": "https://about.workflowhub.eu/Workflow-RO-Crate/"
        }
      ]
    },
    {
      "@id": "./",
      "@type": "Dataset",
      "datePublished": "2024-01-05T01:11:28.775+00:00",
      "mainEntity": {
        "@id": "main_workflow.ga"
      }
    },
    {
      "@id": "main_workflow.ga",
      "@type": [
        "File",
        "SoftwareSourceCode",
        "ComputationalWorkflow"
      ],
      "author": [
        {
          "@id": "#a0adcae8-fca7-44e2-8112-68ecd2780ca8"
        },
        {
          "@id": "#72185b30-c243-44b7-918a-de672a75565d"
        },
        {
          "@id": "#9f4cc04b-f8ed-45ff-bc58-f3cc247b7b0f"
        },
        {
          "@id": "#d79308be-d983-473e-a593-d3908c72d0fc"
        }
      ],
      "license": {
        "@id": "https://spdx.org/licenses/GPL-3.0-or-later"
      },
      "name": "Genome Assembly using PacBio data",
      "version": 4,
      "programmingLanguage": {
        "@id": "https://w3id.org/workflowhub/workflow-ro-crate#galaxy"
      }
    },
    {
      "@id": "https://spdx.org/licenses/GPL-3.0-or-later",
      "@type": "CreativeWork",
      "name": "GPL-3.0-or-later"
    },
    {
      "@id": "https://w3id.org/workflowhub/workflow-ro-crate#galaxy",
      "@type": "ComputerLanguage",
      "identifier": {
        "@id": "https://galaxyproject.org/"
      },
      "name": "Galaxy",
      "url": {
        "@id": "https://galaxyproject.org/"
      },
      "version": "23.1"
    },
    {
      "@id": "#a0adcae8-fca7-44e2-8112-68ecd2780ca8",
      "@type": "Person",
      "name": "Erwan Corre"
    },
    {
      "@id": "#72185b30-c243-44b7-918a-de672a75565d",
      "@type": "Person",
      "name": "Stéphanie Robin"
    },
    {
      "@id": "#9f4cc04b-f8ed-45ff-bc58-f3cc247b7b0f",
      "@type": "Person",
      "name": "Anthony Bretaudeau"
    },
    {
      "@id": "#d79308be-d983-473e-a593-d3908c72d0fc",
      "@type": "Person",
      "name": "Alexandre Cormier"
    }
  ]
}