{
  "@context": "https://w3id.org/ro/crate/1.1/context",
  "@graph": [
    {
      "@id": "ro-crate-metadata.json",
      "@type": "CreativeWork",
      "about": {
        "@id": "./"
      },
      "conformsTo": [
        {
          "@id": "https://w3id.org/ro/crate/1.1"
        },
        {
          "@id": "https://about.workflowhub.eu/Workflow-RO-Crate/"
        }
      ]
    },
    {
      "@id": "./",
      "@type": "Dataset",
      "datePublished": "2023-12-22T01:09:44.224+00:00",
      "mainEntity": {
        "@id": "main_workflow.ga"
      }
    },
    {
      "@id": "main_workflow.ga",
      "@type": [
        "File",
        "SoftwareSourceCode",
        "ComputationalWorkflow"
      ],
      "author": [
        {
          "@id": "#513648ab-70fa-48c1-a6bb-713650afe96d"
        },
        {
          "@id": "#454e4ba3-ccaf-487d-ac8c-7a43dce61ccc"
        },
        {
          "@id": "#38684b2e-ab2b-4253-9302-840232b1eac3"
        },
        {
          "@id": "#53c5197f-65c4-4eb0-bcbf-e3cf5611e307"
        }
      ],
      "license": {
        "@id": "https://spdx.org/licenses/GPL-3.0-or-later"
      },
      "name": "Genome Assembly using PacBio data",
      "version": 4,
      "programmingLanguage": {
        "@id": "https://w3id.org/workflowhub/workflow-ro-crate#galaxy"
      }
    },
    {
      "@id": "https://spdx.org/licenses/GPL-3.0-or-later",
      "@type": "CreativeWork",
      "name": "GPL-3.0-or-later"
    },
    {
      "@id": "https://w3id.org/workflowhub/workflow-ro-crate#galaxy",
      "@type": "ComputerLanguage",
      "identifier": {
        "@id": "https://galaxyproject.org/"
      },
      "name": "Galaxy",
      "url": {
        "@id": "https://galaxyproject.org/"
      },
      "version": "23.1"
    },
    {
      "@id": "#513648ab-70fa-48c1-a6bb-713650afe96d",
      "@type": "Person",
      "name": "Erwan Corre"
    },
    {
      "@id": "#454e4ba3-ccaf-487d-ac8c-7a43dce61ccc",
      "@type": "Person",
      "name": "Stéphanie Robin"
    },
    {
      "@id": "#38684b2e-ab2b-4253-9302-840232b1eac3",
      "@type": "Person",
      "name": "Anthony Bretaudeau"
    },
    {
      "@id": "#53c5197f-65c4-4eb0-bcbf-e3cf5611e307",
      "@type": "Person",
      "name": "Alexandre Cormier"
    }
  ]
}