{
  "@context": "https://w3id.org/ro/crate/1.1/context",
  "@graph": [
    {
      "@id": "ro-crate-metadata.json",
      "@type": "CreativeWork",
      "about": {
        "@id": "./"
      },
      "conformsTo": [
        {
          "@id": "https://w3id.org/ro/crate/1.1"
        },
        {
          "@id": "https://about.workflowhub.eu/Workflow-RO-Crate/"
        }
      ]
    },
    {
      "@id": "./",
      "@type": "Dataset",
      "datePublished": "2023-11-23T01:10:58.669+00:00",
      "mainEntity": {
        "@id": "main_workflow.ga"
      }
    },
    {
      "@id": "main_workflow.ga",
      "@type": [
        "File",
        "SoftwareSourceCode",
        "ComputationalWorkflow"
      ],
      "author": [
        {
          "@id": "#451f67e4-7105-4fd7-a755-eef9c09f9f85"
        },
        {
          "@id": "#507a6256-47f9-45bf-8a0f-a6bf9b6d728a"
        },
        {
          "@id": "#2eb1d7ac-e2be-419d-806e-54d389be09c0"
        },
        {
          "@id": "#f5c06cfd-84d0-43ea-9f00-1f0c7760ce82"
        }
      ],
      "license": {
        "@id": "https://spdx.org/licenses/GPL-3.0-or-later"
      },
      "name": "Genome Assembly using PacBio data",
      "version": 4,
      "programmingLanguage": {
        "@id": "https://w3id.org/workflowhub/workflow-ro-crate#galaxy"
      }
    },
    {
      "@id": "https://spdx.org/licenses/GPL-3.0-or-later",
      "@type": "CreativeWork",
      "name": "GPL-3.0-or-later"
    },
    {
      "@id": "https://w3id.org/workflowhub/workflow-ro-crate#galaxy",
      "@type": "ComputerLanguage",
      "identifier": {
        "@id": "https://galaxyproject.org/"
      },
      "name": "Galaxy",
      "url": {
        "@id": "https://galaxyproject.org/"
      },
      "version": "23.1"
    },
    {
      "@id": "#451f67e4-7105-4fd7-a755-eef9c09f9f85",
      "@type": "Person",
      "name": "Erwan Corre"
    },
    {
      "@id": "#507a6256-47f9-45bf-8a0f-a6bf9b6d728a",
      "@type": "Person",
      "name": "Stéphanie Robin"
    },
    {
      "@id": "#2eb1d7ac-e2be-419d-806e-54d389be09c0",
      "@type": "Person",
      "name": "Anthony Bretaudeau"
    },
    {
      "@id": "#f5c06cfd-84d0-43ea-9f00-1f0c7760ce82",
      "@type": "Person",
      "name": "Alexandre Cormier"
    }
  ]
}