{
  "@context": "https://w3id.org/ro/crate/1.1/context",
  "@graph": [
    {
      "@id": "ro-crate-metadata.json",
      "@type": "CreativeWork",
      "about": {
        "@id": "./"
      },
      "conformsTo": [
        {
          "@id": "https://w3id.org/ro/crate/1.1"
        },
        {
          "@id": "https://about.workflowhub.eu/Workflow-RO-Crate/"
        }
      ]
    },
    {
      "@id": "./",
      "@type": "Dataset",
      "datePublished": "2023-12-07T01:11:45.138+00:00",
      "mainEntity": {
        "@id": "main_workflow.ga"
      }
    },
    {
      "@id": "main_workflow.ga",
      "@type": [
        "File",
        "SoftwareSourceCode",
        "ComputationalWorkflow"
      ],
      "author": [
        {
          "@id": "#bc4a0f56-4200-4d22-a9a3-6f7b77ba8a3e"
        },
        {
          "@id": "#74745b48-f428-4b92-a9a4-9a46e81e4b9e"
        },
        {
          "@id": "#dbc49b5b-5b9f-419e-a33a-264fa3ea8a03"
        },
        {
          "@id": "#43d7dd3c-e927-46c6-9592-e09e7a692e0e"
        }
      ],
      "license": {
        "@id": "https://spdx.org/licenses/GPL-3.0-or-later"
      },
      "name": "Genome Assembly using PacBio data",
      "version": 4,
      "programmingLanguage": {
        "@id": "https://w3id.org/workflowhub/workflow-ro-crate#galaxy"
      }
    },
    {
      "@id": "https://spdx.org/licenses/GPL-3.0-or-later",
      "@type": "CreativeWork",
      "name": "GPL-3.0-or-later"
    },
    {
      "@id": "https://w3id.org/workflowhub/workflow-ro-crate#galaxy",
      "@type": "ComputerLanguage",
      "identifier": {
        "@id": "https://galaxyproject.org/"
      },
      "name": "Galaxy",
      "url": {
        "@id": "https://galaxyproject.org/"
      },
      "version": "23.1"
    },
    {
      "@id": "#bc4a0f56-4200-4d22-a9a3-6f7b77ba8a3e",
      "@type": "Person",
      "name": "Erwan Corre"
    },
    {
      "@id": "#74745b48-f428-4b92-a9a4-9a46e81e4b9e",
      "@type": "Person",
      "name": "Stéphanie Robin"
    },
    {
      "@id": "#dbc49b5b-5b9f-419e-a33a-264fa3ea8a03",
      "@type": "Person",
      "name": "Anthony Bretaudeau"
    },
    {
      "@id": "#43d7dd3c-e927-46c6-9592-e09e7a692e0e",
      "@type": "Person",
      "name": "Alexandre Cormier"
    }
  ]
}