{
  "@context": "https://w3id.org/ro/crate/1.1/context",
  "@graph": [
    {
      "@id": "ro-crate-metadata.json",
      "@type": "CreativeWork",
      "about": {
        "@id": "./"
      },
      "conformsTo": [
        {
          "@id": "https://w3id.org/ro/crate/1.1"
        },
        {
          "@id": "https://about.workflowhub.eu/Workflow-RO-Crate/"
        }
      ]
    },
    {
      "@id": "./",
      "@type": "Dataset",
      "datePublished": "2023-12-13T01:11:55.876+00:00",
      "mainEntity": {
        "@id": "main_workflow.ga"
      }
    },
    {
      "@id": "main_workflow.ga",
      "@type": [
        "File",
        "SoftwareSourceCode",
        "ComputationalWorkflow"
      ],
      "author": [
        {
          "@id": "#9fbea777-465b-481d-8fb0-f6f0854a063b"
        },
        {
          "@id": "#aa6b86e1-44ce-467c-8604-b26f66e63cc7"
        },
        {
          "@id": "#ea8d4d21-2d02-4207-a91f-b8258b910af4"
        },
        {
          "@id": "#4dcf326c-4dfa-4087-bf17-4c684d99986b"
        }
      ],
      "license": {
        "@id": "https://spdx.org/licenses/GPL-3.0-or-later"
      },
      "name": "Genome Assembly using PacBio data",
      "version": 4,
      "programmingLanguage": {
        "@id": "https://w3id.org/workflowhub/workflow-ro-crate#galaxy"
      }
    },
    {
      "@id": "https://spdx.org/licenses/GPL-3.0-or-later",
      "@type": "CreativeWork",
      "name": "GPL-3.0-or-later"
    },
    {
      "@id": "https://w3id.org/workflowhub/workflow-ro-crate#galaxy",
      "@type": "ComputerLanguage",
      "identifier": {
        "@id": "https://galaxyproject.org/"
      },
      "name": "Galaxy",
      "url": {
        "@id": "https://galaxyproject.org/"
      },
      "version": "23.1"
    },
    {
      "@id": "#9fbea777-465b-481d-8fb0-f6f0854a063b",
      "@type": "Person",
      "name": "Erwan Corre"
    },
    {
      "@id": "#aa6b86e1-44ce-467c-8604-b26f66e63cc7",
      "@type": "Person",
      "name": "Stéphanie Robin"
    },
    {
      "@id": "#ea8d4d21-2d02-4207-a91f-b8258b910af4",
      "@type": "Person",
      "name": "Anthony Bretaudeau"
    },
    {
      "@id": "#4dcf326c-4dfa-4087-bf17-4c684d99986b",
      "@type": "Person",
      "name": "Alexandre Cormier"
    }
  ]
}