{
  "@context": "https://w3id.org/ro/crate/1.1/context",
  "@graph": [
    {
      "@id": "ro-crate-metadata.json",
      "@type": "CreativeWork",
      "about": {
        "@id": "./"
      },
      "conformsTo": [
        {
          "@id": "https://w3id.org/ro/crate/1.1"
        },
        {
          "@id": "https://about.workflowhub.eu/Workflow-RO-Crate/"
        }
      ]
    },
    {
      "@id": "./",
      "@type": "Dataset",
      "datePublished": "2023-11-26T01:14:43.766+00:00",
      "mainEntity": {
        "@id": "main_workflow.ga"
      }
    },
    {
      "@id": "main_workflow.ga",
      "@type": [
        "File",
        "SoftwareSourceCode",
        "ComputationalWorkflow"
      ],
      "author": [
        {
          "@id": "#752c6b56-3688-4d79-ae03-9644b37b4fca"
        },
        {
          "@id": "#4922e08a-91bd-4130-a099-ce5208f3d7fd"
        },
        {
          "@id": "#45ca329c-6435-4335-a2f6-11f62cc45150"
        },
        {
          "@id": "#e0b4f01a-a055-4415-978a-9fe1af0285f3"
        }
      ],
      "license": {
        "@id": "https://spdx.org/licenses/GPL-3.0-or-later"
      },
      "name": "Genome Assembly using PacBio data",
      "version": 4,
      "programmingLanguage": {
        "@id": "https://w3id.org/workflowhub/workflow-ro-crate#galaxy"
      }
    },
    {
      "@id": "https://spdx.org/licenses/GPL-3.0-or-later",
      "@type": "CreativeWork",
      "name": "GPL-3.0-or-later"
    },
    {
      "@id": "https://w3id.org/workflowhub/workflow-ro-crate#galaxy",
      "@type": "ComputerLanguage",
      "identifier": {
        "@id": "https://galaxyproject.org/"
      },
      "name": "Galaxy",
      "url": {
        "@id": "https://galaxyproject.org/"
      },
      "version": "23.1"
    },
    {
      "@id": "#752c6b56-3688-4d79-ae03-9644b37b4fca",
      "@type": "Person",
      "name": "Erwan Corre"
    },
    {
      "@id": "#4922e08a-91bd-4130-a099-ce5208f3d7fd",
      "@type": "Person",
      "name": "Stéphanie Robin"
    },
    {
      "@id": "#45ca329c-6435-4335-a2f6-11f62cc45150",
      "@type": "Person",
      "name": "Anthony Bretaudeau"
    },
    {
      "@id": "#e0b4f01a-a055-4415-978a-9fe1af0285f3",
      "@type": "Person",
      "name": "Alexandre Cormier"
    }
  ]
}