{
  "@context": "https://w3id.org/ro/crate/1.1/context",
  "@graph": [
    {
      "@id": "ro-crate-metadata.json",
      "@type": "CreativeWork",
      "about": {
        "@id": "./"
      },
      "conformsTo": [
        {
          "@id": "https://w3id.org/ro/crate/1.1"
        },
        {
          "@id": "https://about.workflowhub.eu/Workflow-RO-Crate/"
        }
      ]
    },
    {
      "@id": "./",
      "@type": "Dataset",
      "datePublished": "2024-01-01T01:17:04.124+00:00",
      "mainEntity": {
        "@id": "main_workflow.ga"
      }
    },
    {
      "@id": "main_workflow.ga",
      "@type": [
        "File",
        "SoftwareSourceCode",
        "ComputationalWorkflow"
      ],
      "author": [
        {
          "@id": "#3501b22c-1c74-4141-b3de-8b25530842d9"
        },
        {
          "@id": "#e18691b7-1eb0-4f9a-84f6-8ae55874d1c2"
        },
        {
          "@id": "#eeece40c-ffa7-4a85-9f93-1edeae97af87"
        },
        {
          "@id": "#b08b99c4-a6ef-48c6-bcef-4fbaef3ea8ff"
        }
      ],
      "license": {
        "@id": "https://spdx.org/licenses/GPL-3.0-or-later"
      },
      "name": "Genome Assembly using PacBio data",
      "version": 4,
      "programmingLanguage": {
        "@id": "https://w3id.org/workflowhub/workflow-ro-crate#galaxy"
      }
    },
    {
      "@id": "https://spdx.org/licenses/GPL-3.0-or-later",
      "@type": "CreativeWork",
      "name": "GPL-3.0-or-later"
    },
    {
      "@id": "https://w3id.org/workflowhub/workflow-ro-crate#galaxy",
      "@type": "ComputerLanguage",
      "identifier": {
        "@id": "https://galaxyproject.org/"
      },
      "name": "Galaxy",
      "url": {
        "@id": "https://galaxyproject.org/"
      },
      "version": "23.1"
    },
    {
      "@id": "#3501b22c-1c74-4141-b3de-8b25530842d9",
      "@type": "Person",
      "name": "Erwan Corre"
    },
    {
      "@id": "#e18691b7-1eb0-4f9a-84f6-8ae55874d1c2",
      "@type": "Person",
      "name": "Stéphanie Robin"
    },
    {
      "@id": "#eeece40c-ffa7-4a85-9f93-1edeae97af87",
      "@type": "Person",
      "name": "Anthony Bretaudeau"
    },
    {
      "@id": "#b08b99c4-a6ef-48c6-bcef-4fbaef3ea8ff",
      "@type": "Person",
      "name": "Alexandre Cormier"
    }
  ]
}