{
  "@context": "https://w3id.org/ro/crate/1.1/context",
  "@graph": [
    {
      "@id": "ro-crate-metadata.json",
      "@type": "CreativeWork",
      "about": {
        "@id": "./"
      },
      "conformsTo": [
        {
          "@id": "https://w3id.org/ro/crate/1.1"
        },
        {
          "@id": "https://about.workflowhub.eu/Workflow-RO-Crate/"
        }
      ]
    },
    {
      "@id": "./",
      "@type": "Dataset",
      "datePublished": "2023-11-12T01:13:42.755+00:00",
      "mainEntity": {
        "@id": "main_workflow.ga"
      }
    },
    {
      "@id": "main_workflow.ga",
      "@type": [
        "File",
        "SoftwareSourceCode",
        "ComputationalWorkflow"
      ],
      "author": [
        {
          "@id": "#bdb0d872-37ca-467f-842f-8c696cbee5ae"
        },
        {
          "@id": "#d65b98ff-7c9c-48ba-84b7-820bedb43364"
        },
        {
          "@id": "#bfcf5070-c8e6-4f84-a472-f4e9cbaebebd"
        },
        {
          "@id": "#46823f50-f188-4ab3-bf3e-4d0edf4bca5c"
        }
      ],
      "license": {
        "@id": "https://spdx.org/licenses/GPL-3.0-or-later"
      },
      "name": "Genome Assembly using PacBio data",
      "version": 4,
      "programmingLanguage": {
        "@id": "https://w3id.org/workflowhub/workflow-ro-crate#galaxy"
      }
    },
    {
      "@id": "https://spdx.org/licenses/GPL-3.0-or-later",
      "@type": "CreativeWork",
      "name": "GPL-3.0-or-later"
    },
    {
      "@id": "https://w3id.org/workflowhub/workflow-ro-crate#galaxy",
      "@type": "ComputerLanguage",
      "identifier": {
        "@id": "https://galaxyproject.org/"
      },
      "name": "Galaxy",
      "url": {
        "@id": "https://galaxyproject.org/"
      },
      "version": "23.1"
    },
    {
      "@id": "#bdb0d872-37ca-467f-842f-8c696cbee5ae",
      "@type": "Person",
      "name": "Erwan Corre"
    },
    {
      "@id": "#d65b98ff-7c9c-48ba-84b7-820bedb43364",
      "@type": "Person",
      "name": "Stéphanie Robin"
    },
    {
      "@id": "#bfcf5070-c8e6-4f84-a472-f4e9cbaebebd",
      "@type": "Person",
      "name": "Anthony Bretaudeau"
    },
    {
      "@id": "#46823f50-f188-4ab3-bf3e-4d0edf4bca5c",
      "@type": "Person",
      "name": "Alexandre Cormier"
    }
  ]
}