{
  "@context": "https://w3id.org/ro/crate/1.1/context",
  "@graph": [
    {
      "@id": "ro-crate-metadata.json",
      "@type": "CreativeWork",
      "about": {
        "@id": "./"
      },
      "conformsTo": [
        {
          "@id": "https://w3id.org/ro/crate/1.1"
        },
        {
          "@id": "https://about.workflowhub.eu/Workflow-RO-Crate/"
        }
      ]
    },
    {
      "@id": "./",
      "@type": "Dataset",
      "datePublished": "2023-11-14T01:09:25.555+00:00",
      "mainEntity": {
        "@id": "main_workflow.ga"
      }
    },
    {
      "@id": "main_workflow.ga",
      "@type": [
        "File",
        "SoftwareSourceCode",
        "ComputationalWorkflow"
      ],
      "author": [
        {
          "@id": "#b10d585c-5391-4892-8a02-18331d960bc1"
        },
        {
          "@id": "#d4f907f5-32da-4e7a-967d-b63ade359642"
        },
        {
          "@id": "#632dcb44-ef78-4461-b1db-dd2c7d2df30c"
        },
        {
          "@id": "#13610280-6d7b-4117-afe7-75bb6964a1a9"
        }
      ],
      "license": {
        "@id": "https://spdx.org/licenses/GPL-3.0-or-later"
      },
      "name": "Genome Assembly using PacBio data",
      "version": 4,
      "programmingLanguage": {
        "@id": "https://w3id.org/workflowhub/workflow-ro-crate#galaxy"
      }
    },
    {
      "@id": "https://spdx.org/licenses/GPL-3.0-or-later",
      "@type": "CreativeWork",
      "name": "GPL-3.0-or-later"
    },
    {
      "@id": "https://w3id.org/workflowhub/workflow-ro-crate#galaxy",
      "@type": "ComputerLanguage",
      "identifier": {
        "@id": "https://galaxyproject.org/"
      },
      "name": "Galaxy",
      "url": {
        "@id": "https://galaxyproject.org/"
      },
      "version": "23.1"
    },
    {
      "@id": "#b10d585c-5391-4892-8a02-18331d960bc1",
      "@type": "Person",
      "name": "Erwan Corre"
    },
    {
      "@id": "#d4f907f5-32da-4e7a-967d-b63ade359642",
      "@type": "Person",
      "name": "Stéphanie Robin"
    },
    {
      "@id": "#632dcb44-ef78-4461-b1db-dd2c7d2df30c",
      "@type": "Person",
      "name": "Anthony Bretaudeau"
    },
    {
      "@id": "#13610280-6d7b-4117-afe7-75bb6964a1a9",
      "@type": "Person",
      "name": "Alexandre Cormier"
    }
  ]
}