{
  "@context": "https://w3id.org/ro/crate/1.1/context",
  "@graph": [
    {
      "@id": "ro-crate-metadata.json",
      "@type": "CreativeWork",
      "about": {
        "@id": "./"
      },
      "conformsTo": [
        {
          "@id": "https://w3id.org/ro/crate/1.1"
        },
        {
          "@id": "https://about.workflowhub.eu/Workflow-RO-Crate/"
        }
      ]
    },
    {
      "@id": "./",
      "@type": "Dataset",
      "datePublished": "2024-01-22T01:16:01.795+00:00",
      "mainEntity": {
        "@id": "main_workflow.ga"
      }
    },
    {
      "@id": "main_workflow.ga",
      "@type": [
        "File",
        "SoftwareSourceCode",
        "ComputationalWorkflow"
      ],
      "author": [
        {
          "@id": "#14bc3dd3-2cab-4ba3-9cd6-ac0c84f6ceea"
        },
        {
          "@id": "#0af54898-27ac-4b77-b0e5-aff75ec43886"
        },
        {
          "@id": "#1095a78b-e297-4763-a48a-e8ee73022d6f"
        },
        {
          "@id": "#c3a35d4e-9125-4a19-98fb-eb947f7001e1"
        }
      ],
      "license": {
        "@id": "https://spdx.org/licenses/GPL-3.0-or-later"
      },
      "name": "Genome Assembly using PacBio data",
      "version": 4,
      "programmingLanguage": {
        "@id": "https://w3id.org/workflowhub/workflow-ro-crate#galaxy"
      }
    },
    {
      "@id": "https://spdx.org/licenses/GPL-3.0-or-later",
      "@type": "CreativeWork",
      "name": "GPL-3.0-or-later"
    },
    {
      "@id": "https://w3id.org/workflowhub/workflow-ro-crate#galaxy",
      "@type": "ComputerLanguage",
      "identifier": {
        "@id": "https://galaxyproject.org/"
      },
      "name": "Galaxy",
      "url": {
        "@id": "https://galaxyproject.org/"
      },
      "version": "23.1"
    },
    {
      "@id": "#14bc3dd3-2cab-4ba3-9cd6-ac0c84f6ceea",
      "@type": "Person",
      "name": "Erwan Corre"
    },
    {
      "@id": "#0af54898-27ac-4b77-b0e5-aff75ec43886",
      "@type": "Person",
      "name": "Stéphanie Robin"
    },
    {
      "@id": "#1095a78b-e297-4763-a48a-e8ee73022d6f",
      "@type": "Person",
      "name": "Anthony Bretaudeau"
    },
    {
      "@id": "#c3a35d4e-9125-4a19-98fb-eb947f7001e1",
      "@type": "Person",
      "name": "Alexandre Cormier"
    }
  ]
}