{
  "@context": "https://w3id.org/ro/crate/1.1/context",
  "@graph": [
    {
      "@id": "ro-crate-metadata.json",
      "@type": "CreativeWork",
      "about": {
        "@id": "./"
      },
      "conformsTo": [
        {
          "@id": "https://w3id.org/ro/crate/1.1"
        },
        {
          "@id": "https://about.workflowhub.eu/Workflow-RO-Crate/"
        }
      ]
    },
    {
      "@id": "./",
      "@type": "Dataset",
      "datePublished": "2023-11-08T14:21:39.733+00:00",
      "mainEntity": {
        "@id": "main_workflow.ga"
      }
    },
    {
      "@id": "main_workflow.ga",
      "@type": [
        "File",
        "SoftwareSourceCode",
        "ComputationalWorkflow"
      ],
      "author": [
        {
          "@id": "#d73ef6e4-cf6b-49f7-90a3-be840693683d"
        },
        {
          "@id": "#13544aa5-1d61-4bc7-ae11-51ff20aca156"
        },
        {
          "@id": "#5cb1e7b8-5bf8-46d8-bbac-a71d2359378e"
        },
        {
          "@id": "#199e0b83-ef57-4985-865d-983a31b389ab"
        }
      ],
      "license": {
        "@id": "https://spdx.org/licenses/GPL-3.0-or-later"
      },
      "name": "Genome Assembly using PacBio data",
      "version": 4,
      "programmingLanguage": {
        "@id": "https://w3id.org/workflowhub/workflow-ro-crate#galaxy"
      }
    },
    {
      "@id": "https://spdx.org/licenses/GPL-3.0-or-later",
      "@type": "CreativeWork",
      "name": "GPL-3.0-or-later"
    },
    {
      "@id": "https://w3id.org/workflowhub/workflow-ro-crate#galaxy",
      "@type": "ComputerLanguage",
      "identifier": {
        "@id": "https://galaxyproject.org/"
      },
      "name": "Galaxy",
      "url": {
        "@id": "https://galaxyproject.org/"
      },
      "version": "23.1"
    },
    {
      "@id": "#d73ef6e4-cf6b-49f7-90a3-be840693683d",
      "@type": "Person",
      "name": "Erwan Corre"
    },
    {
      "@id": "#13544aa5-1d61-4bc7-ae11-51ff20aca156",
      "@type": "Person",
      "name": "Stéphanie Robin"
    },
    {
      "@id": "#5cb1e7b8-5bf8-46d8-bbac-a71d2359378e",
      "@type": "Person",
      "name": "Anthony Bretaudeau"
    },
    {
      "@id": "#199e0b83-ef57-4985-865d-983a31b389ab",
      "@type": "Person",
      "name": "Alexandre Cormier"
    }
  ]
}