{
  "@context": "https://w3id.org/ro/crate/1.1/context",
  "@graph": [
    {
      "@id": "ro-crate-metadata.json",
      "@type": "CreativeWork",
      "about": {
        "@id": "./"
      },
      "conformsTo": [
        {
          "@id": "https://w3id.org/ro/crate/1.1"
        },
        {
          "@id": "https://about.workflowhub.eu/Workflow-RO-Crate/"
        }
      ]
    },
    {
      "@id": "./",
      "@type": "Dataset",
      "datePublished": "2023-11-15T01:10:34.065+00:00",
      "mainEntity": {
        "@id": "main_workflow.ga"
      }
    },
    {
      "@id": "main_workflow.ga",
      "@type": [
        "File",
        "SoftwareSourceCode",
        "ComputationalWorkflow"
      ],
      "author": [
        {
          "@id": "#ef8c08c4-2209-41ef-a7bc-8fc98c032f27"
        },
        {
          "@id": "#6d54e124-220c-48c1-bfb6-15204d5082aa"
        },
        {
          "@id": "#6236d973-5f8f-41fa-803c-3b9087245d05"
        },
        {
          "@id": "#3aa23f23-8592-4477-aa9d-4b0156b15688"
        }
      ],
      "license": {
        "@id": "https://spdx.org/licenses/GPL-3.0-or-later"
      },
      "name": "Genome Assembly using PacBio data",
      "version": 4,
      "programmingLanguage": {
        "@id": "https://w3id.org/workflowhub/workflow-ro-crate#galaxy"
      }
    },
    {
      "@id": "https://spdx.org/licenses/GPL-3.0-or-later",
      "@type": "CreativeWork",
      "name": "GPL-3.0-or-later"
    },
    {
      "@id": "https://w3id.org/workflowhub/workflow-ro-crate#galaxy",
      "@type": "ComputerLanguage",
      "identifier": {
        "@id": "https://galaxyproject.org/"
      },
      "name": "Galaxy",
      "url": {
        "@id": "https://galaxyproject.org/"
      },
      "version": "23.1"
    },
    {
      "@id": "#ef8c08c4-2209-41ef-a7bc-8fc98c032f27",
      "@type": "Person",
      "name": "Erwan Corre"
    },
    {
      "@id": "#6d54e124-220c-48c1-bfb6-15204d5082aa",
      "@type": "Person",
      "name": "Stéphanie Robin"
    },
    {
      "@id": "#6236d973-5f8f-41fa-803c-3b9087245d05",
      "@type": "Person",
      "name": "Anthony Bretaudeau"
    },
    {
      "@id": "#3aa23f23-8592-4477-aa9d-4b0156b15688",
      "@type": "Person",
      "name": "Alexandre Cormier"
    }
  ]
}