{
  "@context": "https://w3id.org/ro/crate/1.1/context",
  "@graph": [
    {
      "@id": "ro-crate-metadata.json",
      "@type": "CreativeWork",
      "about": {
        "@id": "./"
      },
      "conformsTo": [
        {
          "@id": "https://w3id.org/ro/crate/1.1"
        },
        {
          "@id": "https://about.workflowhub.eu/Workflow-RO-Crate/"
        }
      ]
    },
    {
      "@id": "./",
      "@type": "Dataset",
      "datePublished": "2023-11-13T01:10:48.322+00:00",
      "mainEntity": {
        "@id": "main_workflow.ga"
      }
    },
    {
      "@id": "main_workflow.ga",
      "@type": [
        "File",
        "SoftwareSourceCode",
        "ComputationalWorkflow"
      ],
      "author": [
        {
          "@id": "#e9239f4d-cb7d-4579-b6ee-f306fd6a15e8"
        },
        {
          "@id": "#28e87531-7a22-4374-91aa-af2702063624"
        },
        {
          "@id": "#cf8d2a16-ed72-47fc-a35a-a4c189ef1956"
        },
        {
          "@id": "#2bf16091-a939-4f08-86ae-ee79cdb7b731"
        }
      ],
      "license": {
        "@id": "https://spdx.org/licenses/GPL-3.0-or-later"
      },
      "name": "Genome Assembly using PacBio data",
      "version": 4,
      "programmingLanguage": {
        "@id": "https://w3id.org/workflowhub/workflow-ro-crate#galaxy"
      }
    },
    {
      "@id": "https://spdx.org/licenses/GPL-3.0-or-later",
      "@type": "CreativeWork",
      "name": "GPL-3.0-or-later"
    },
    {
      "@id": "https://w3id.org/workflowhub/workflow-ro-crate#galaxy",
      "@type": "ComputerLanguage",
      "identifier": {
        "@id": "https://galaxyproject.org/"
      },
      "name": "Galaxy",
      "url": {
        "@id": "https://galaxyproject.org/"
      },
      "version": "23.1"
    },
    {
      "@id": "#e9239f4d-cb7d-4579-b6ee-f306fd6a15e8",
      "@type": "Person",
      "name": "Erwan Corre"
    },
    {
      "@id": "#28e87531-7a22-4374-91aa-af2702063624",
      "@type": "Person",
      "name": "Stéphanie Robin"
    },
    {
      "@id": "#cf8d2a16-ed72-47fc-a35a-a4c189ef1956",
      "@type": "Person",
      "name": "Anthony Bretaudeau"
    },
    {
      "@id": "#2bf16091-a939-4f08-86ae-ee79cdb7b731",
      "@type": "Person",
      "name": "Alexandre Cormier"
    }
  ]
}