{
  "@context": "https://w3id.org/ro/crate/1.1/context",
  "@graph": [
    {
      "@id": "ro-crate-metadata.json",
      "@type": "CreativeWork",
      "about": {
        "@id": "./"
      },
      "conformsTo": [
        {
          "@id": "https://w3id.org/ro/crate/1.1"
        },
        {
          "@id": "https://about.workflowhub.eu/Workflow-RO-Crate/"
        }
      ]
    },
    {
      "@id": "./",
      "@type": "Dataset",
      "datePublished": "2024-01-02T01:09:41.846+00:00",
      "mainEntity": {
        "@id": "main_workflow.ga"
      }
    },
    {
      "@id": "main_workflow.ga",
      "@type": [
        "File",
        "SoftwareSourceCode",
        "ComputationalWorkflow"
      ],
      "author": [
        {
          "@id": "#91146c7b-d67a-45a7-97a5-d1163ce3d506"
        },
        {
          "@id": "#75522366-f722-4e05-b2c4-356275b09762"
        },
        {
          "@id": "#15fb4ad5-8079-4e1d-92b7-48b0bfe6d023"
        },
        {
          "@id": "#edb932e7-9c91-4222-851f-b29f20829302"
        }
      ],
      "license": {
        "@id": "https://spdx.org/licenses/GPL-3.0-or-later"
      },
      "name": "Genome Assembly using PacBio data",
      "version": 4,
      "programmingLanguage": {
        "@id": "https://w3id.org/workflowhub/workflow-ro-crate#galaxy"
      }
    },
    {
      "@id": "https://spdx.org/licenses/GPL-3.0-or-later",
      "@type": "CreativeWork",
      "name": "GPL-3.0-or-later"
    },
    {
      "@id": "https://w3id.org/workflowhub/workflow-ro-crate#galaxy",
      "@type": "ComputerLanguage",
      "identifier": {
        "@id": "https://galaxyproject.org/"
      },
      "name": "Galaxy",
      "url": {
        "@id": "https://galaxyproject.org/"
      },
      "version": "23.1"
    },
    {
      "@id": "#91146c7b-d67a-45a7-97a5-d1163ce3d506",
      "@type": "Person",
      "name": "Erwan Corre"
    },
    {
      "@id": "#75522366-f722-4e05-b2c4-356275b09762",
      "@type": "Person",
      "name": "Stéphanie Robin"
    },
    {
      "@id": "#15fb4ad5-8079-4e1d-92b7-48b0bfe6d023",
      "@type": "Person",
      "name": "Anthony Bretaudeau"
    },
    {
      "@id": "#edb932e7-9c91-4222-851f-b29f20829302",
      "@type": "Person",
      "name": "Alexandre Cormier"
    }
  ]
}