{
  "@context": "https://w3id.org/ro/crate/1.1/context",
  "@graph": [
    {
      "@id": "ro-crate-metadata.json",
      "@type": "CreativeWork",
      "about": {
        "@id": "./"
      },
      "conformsTo": [
        {
          "@id": "https://w3id.org/ro/crate/1.1"
        },
        {
          "@id": "https://about.workflowhub.eu/Workflow-RO-Crate/"
        }
      ]
    },
    {
      "@id": "./",
      "@type": "Dataset",
      "datePublished": "2023-12-19T01:11:19.115+00:00",
      "mainEntity": {
        "@id": "main_workflow.ga"
      }
    },
    {
      "@id": "main_workflow.ga",
      "@type": [
        "File",
        "SoftwareSourceCode",
        "ComputationalWorkflow"
      ],
      "author": [
        {
          "@id": "#60183839-4606-4975-9be8-ae8f9a15c29b"
        },
        {
          "@id": "#b02f646d-0a26-4ec8-82c0-cf94417f9888"
        },
        {
          "@id": "#a15ba334-b8da-41cd-9a60-271fa68817cd"
        },
        {
          "@id": "#2e1f20ce-b033-451a-bf83-91a24d47e78a"
        }
      ],
      "license": {
        "@id": "https://spdx.org/licenses/GPL-3.0-or-later"
      },
      "name": "Genome Assembly using PacBio data",
      "version": 4,
      "programmingLanguage": {
        "@id": "https://w3id.org/workflowhub/workflow-ro-crate#galaxy"
      }
    },
    {
      "@id": "https://spdx.org/licenses/GPL-3.0-or-later",
      "@type": "CreativeWork",
      "name": "GPL-3.0-or-later"
    },
    {
      "@id": "https://w3id.org/workflowhub/workflow-ro-crate#galaxy",
      "@type": "ComputerLanguage",
      "identifier": {
        "@id": "https://galaxyproject.org/"
      },
      "name": "Galaxy",
      "url": {
        "@id": "https://galaxyproject.org/"
      },
      "version": "23.1"
    },
    {
      "@id": "#60183839-4606-4975-9be8-ae8f9a15c29b",
      "@type": "Person",
      "name": "Erwan Corre"
    },
    {
      "@id": "#b02f646d-0a26-4ec8-82c0-cf94417f9888",
      "@type": "Person",
      "name": "Stéphanie Robin"
    },
    {
      "@id": "#a15ba334-b8da-41cd-9a60-271fa68817cd",
      "@type": "Person",
      "name": "Anthony Bretaudeau"
    },
    {
      "@id": "#2e1f20ce-b033-451a-bf83-91a24d47e78a",
      "@type": "Person",
      "name": "Alexandre Cormier"
    }
  ]
}