{
  "@context": "https://w3id.org/ro/crate/1.1/context",
  "@graph": [
    {
      "@id": "ro-crate-metadata.json",
      "@type": "CreativeWork",
      "about": {
        "@id": "./"
      },
      "conformsTo": [
        {
          "@id": "https://w3id.org/ro/crate/1.1"
        },
        {
          "@id": "https://about.workflowhub.eu/Workflow-RO-Crate/"
        }
      ]
    },
    {
      "@id": "./",
      "@type": "Dataset",
      "datePublished": "2023-12-15T01:12:37.460+00:00",
      "mainEntity": {
        "@id": "main_workflow.ga"
      }
    },
    {
      "@id": "main_workflow.ga",
      "@type": [
        "File",
        "SoftwareSourceCode",
        "ComputationalWorkflow"
      ],
      "author": [
        {
          "@id": "#c226adb2-3eb0-45bb-9ef3-0fbbcec1fbbd"
        },
        {
          "@id": "#caf51d8e-b5a3-4fb6-b87d-8b6ac44dcdff"
        },
        {
          "@id": "#d1c9e1e4-42f9-4ddc-8d4d-dd90d4252010"
        },
        {
          "@id": "#191446c6-4e46-4e54-9431-0f41712e1af0"
        }
      ],
      "license": {
        "@id": "https://spdx.org/licenses/GPL-3.0-or-later"
      },
      "name": "Genome Assembly using PacBio data",
      "version": 4,
      "programmingLanguage": {
        "@id": "https://w3id.org/workflowhub/workflow-ro-crate#galaxy"
      }
    },
    {
      "@id": "https://spdx.org/licenses/GPL-3.0-or-later",
      "@type": "CreativeWork",
      "name": "GPL-3.0-or-later"
    },
    {
      "@id": "https://w3id.org/workflowhub/workflow-ro-crate#galaxy",
      "@type": "ComputerLanguage",
      "identifier": {
        "@id": "https://galaxyproject.org/"
      },
      "name": "Galaxy",
      "url": {
        "@id": "https://galaxyproject.org/"
      },
      "version": "23.1"
    },
    {
      "@id": "#c226adb2-3eb0-45bb-9ef3-0fbbcec1fbbd",
      "@type": "Person",
      "name": "Erwan Corre"
    },
    {
      "@id": "#caf51d8e-b5a3-4fb6-b87d-8b6ac44dcdff",
      "@type": "Person",
      "name": "Stéphanie Robin"
    },
    {
      "@id": "#d1c9e1e4-42f9-4ddc-8d4d-dd90d4252010",
      "@type": "Person",
      "name": "Anthony Bretaudeau"
    },
    {
      "@id": "#191446c6-4e46-4e54-9431-0f41712e1af0",
      "@type": "Person",
      "name": "Alexandre Cormier"
    }
  ]
}