{
  "@context": "https://w3id.org/ro/crate/1.1/context",
  "@graph": [
    {
      "@id": "ro-crate-metadata.json",
      "@type": "CreativeWork",
      "about": {
        "@id": "./"
      },
      "conformsTo": [
        {
          "@id": "https://w3id.org/ro/crate/1.1"
        },
        {
          "@id": "https://about.workflowhub.eu/Workflow-RO-Crate/"
        }
      ]
    },
    {
      "@id": "./",
      "@type": "Dataset",
      "datePublished": "2024-01-08T01:12:58.212+00:00",
      "mainEntity": {
        "@id": "main_workflow.ga"
      }
    },
    {
      "@id": "main_workflow.ga",
      "@type": [
        "File",
        "SoftwareSourceCode",
        "ComputationalWorkflow"
      ],
      "author": [
        {
          "@id": "#b0cb847a-16dd-4617-ba6c-7f81f4c11cfb"
        },
        {
          "@id": "#843b530e-2ea9-4618-88ba-e0fd30b09a74"
        },
        {
          "@id": "#d5c8c76c-1b72-4e27-920f-1e381796b45f"
        },
        {
          "@id": "#715480ed-080a-4beb-86eb-2ec412faa889"
        }
      ],
      "license": {
        "@id": "https://spdx.org/licenses/GPL-3.0-or-later"
      },
      "name": "Genome Assembly using PacBio data",
      "version": 4,
      "programmingLanguage": {
        "@id": "https://w3id.org/workflowhub/workflow-ro-crate#galaxy"
      }
    },
    {
      "@id": "https://spdx.org/licenses/GPL-3.0-or-later",
      "@type": "CreativeWork",
      "name": "GPL-3.0-or-later"
    },
    {
      "@id": "https://w3id.org/workflowhub/workflow-ro-crate#galaxy",
      "@type": "ComputerLanguage",
      "identifier": {
        "@id": "https://galaxyproject.org/"
      },
      "name": "Galaxy",
      "url": {
        "@id": "https://galaxyproject.org/"
      },
      "version": "23.1"
    },
    {
      "@id": "#b0cb847a-16dd-4617-ba6c-7f81f4c11cfb",
      "@type": "Person",
      "name": "Erwan Corre"
    },
    {
      "@id": "#843b530e-2ea9-4618-88ba-e0fd30b09a74",
      "@type": "Person",
      "name": "Stéphanie Robin"
    },
    {
      "@id": "#d5c8c76c-1b72-4e27-920f-1e381796b45f",
      "@type": "Person",
      "name": "Anthony Bretaudeau"
    },
    {
      "@id": "#715480ed-080a-4beb-86eb-2ec412faa889",
      "@type": "Person",
      "name": "Alexandre Cormier"
    }
  ]
}