{
  "@context": "https://w3id.org/ro/crate/1.1/context",
  "@graph": [
    {
      "@id": "ro-crate-metadata.json",
      "@type": "CreativeWork",
      "about": {
        "@id": "./"
      },
      "conformsTo": [
        {
          "@id": "https://w3id.org/ro/crate/1.1"
        },
        {
          "@id": "https://about.workflowhub.eu/Workflow-RO-Crate/"
        }
      ]
    },
    {
      "@id": "./",
      "@type": "Dataset",
      "datePublished": "2024-01-09T01:12:48.423+00:00",
      "mainEntity": {
        "@id": "main_workflow.ga"
      }
    },
    {
      "@id": "main_workflow.ga",
      "@type": [
        "File",
        "SoftwareSourceCode",
        "ComputationalWorkflow"
      ],
      "author": [
        {
          "@id": "#d6441697-c4f4-4e88-9cd6-1ca6ddf655a7"
        },
        {
          "@id": "#19b3a19d-420e-4ddc-9069-45473f6077e2"
        },
        {
          "@id": "#419735f4-f0cf-41ac-8a13-15e725304f31"
        },
        {
          "@id": "#9f16364e-bfb3-4c85-9438-261ee72a20d1"
        }
      ],
      "license": {
        "@id": "https://spdx.org/licenses/GPL-3.0-or-later"
      },
      "name": "Genome Assembly using PacBio data",
      "version": 4,
      "programmingLanguage": {
        "@id": "https://w3id.org/workflowhub/workflow-ro-crate#galaxy"
      }
    },
    {
      "@id": "https://spdx.org/licenses/GPL-3.0-or-later",
      "@type": "CreativeWork",
      "name": "GPL-3.0-or-later"
    },
    {
      "@id": "https://w3id.org/workflowhub/workflow-ro-crate#galaxy",
      "@type": "ComputerLanguage",
      "identifier": {
        "@id": "https://galaxyproject.org/"
      },
      "name": "Galaxy",
      "url": {
        "@id": "https://galaxyproject.org/"
      },
      "version": "23.1"
    },
    {
      "@id": "#d6441697-c4f4-4e88-9cd6-1ca6ddf655a7",
      "@type": "Person",
      "name": "Erwan Corre"
    },
    {
      "@id": "#19b3a19d-420e-4ddc-9069-45473f6077e2",
      "@type": "Person",
      "name": "Stéphanie Robin"
    },
    {
      "@id": "#419735f4-f0cf-41ac-8a13-15e725304f31",
      "@type": "Person",
      "name": "Anthony Bretaudeau"
    },
    {
      "@id": "#9f16364e-bfb3-4c85-9438-261ee72a20d1",
      "@type": "Person",
      "name": "Alexandre Cormier"
    }
  ]
}