{
  "@context": "https://w3id.org/ro/crate/1.1/context",
  "@graph": [
    {
      "@id": "ro-crate-metadata.json",
      "@type": "CreativeWork",
      "about": {
        "@id": "./"
      },
      "conformsTo": [
        {
          "@id": "https://w3id.org/ro/crate/1.1"
        },
        {
          "@id": "https://about.workflowhub.eu/Workflow-RO-Crate/"
        }
      ]
    },
    {
      "@id": "./",
      "@type": "Dataset",
      "datePublished": "2023-12-10T01:16:06.342+00:00",
      "mainEntity": {
        "@id": "main_workflow.ga"
      }
    },
    {
      "@id": "main_workflow.ga",
      "@type": [
        "File",
        "SoftwareSourceCode",
        "ComputationalWorkflow"
      ],
      "author": [
        {
          "@id": "#03d1ded1-2f37-4fad-b407-f87d76da8b34"
        },
        {
          "@id": "#cd31fccf-1432-43d1-b4aa-76c7d08caee2"
        },
        {
          "@id": "#a239f9cd-cfcb-46df-b86d-2ff353b04108"
        },
        {
          "@id": "#ef5fa32e-76a0-4b01-940a-30c8e188db20"
        }
      ],
      "license": {
        "@id": "https://spdx.org/licenses/GPL-3.0-or-later"
      },
      "name": "Genome Assembly using PacBio data",
      "version": 4,
      "programmingLanguage": {
        "@id": "https://w3id.org/workflowhub/workflow-ro-crate#galaxy"
      }
    },
    {
      "@id": "https://spdx.org/licenses/GPL-3.0-or-later",
      "@type": "CreativeWork",
      "name": "GPL-3.0-or-later"
    },
    {
      "@id": "https://w3id.org/workflowhub/workflow-ro-crate#galaxy",
      "@type": "ComputerLanguage",
      "identifier": {
        "@id": "https://galaxyproject.org/"
      },
      "name": "Galaxy",
      "url": {
        "@id": "https://galaxyproject.org/"
      },
      "version": "23.1"
    },
    {
      "@id": "#03d1ded1-2f37-4fad-b407-f87d76da8b34",
      "@type": "Person",
      "name": "Erwan Corre"
    },
    {
      "@id": "#cd31fccf-1432-43d1-b4aa-76c7d08caee2",
      "@type": "Person",
      "name": "Stéphanie Robin"
    },
    {
      "@id": "#a239f9cd-cfcb-46df-b86d-2ff353b04108",
      "@type": "Person",
      "name": "Anthony Bretaudeau"
    },
    {
      "@id": "#ef5fa32e-76a0-4b01-940a-30c8e188db20",
      "@type": "Person",
      "name": "Alexandre Cormier"
    }
  ]
}