{
  "@context": "https://w3id.org/ro/crate/1.1/context",
  "@graph": [
    {
      "@id": "ro-crate-metadata.json",
      "@type": "CreativeWork",
      "about": {
        "@id": "./"
      },
      "conformsTo": [
        {
          "@id": "https://w3id.org/ro/crate/1.1"
        },
        {
          "@id": "https://about.workflowhub.eu/Workflow-RO-Crate/"
        }
      ]
    },
    {
      "@id": "./",
      "@type": "Dataset",
      "datePublished": "2024-01-13T01:12:02.866+00:00",
      "mainEntity": {
        "@id": "main_workflow.ga"
      }
    },
    {
      "@id": "main_workflow.ga",
      "@type": [
        "File",
        "SoftwareSourceCode",
        "ComputationalWorkflow"
      ],
      "author": [
        {
          "@id": "#ac8cde27-e90a-4b0a-a903-f5907a29f359"
        },
        {
          "@id": "#1866722d-ff4d-4379-8447-0ccba0e030d1"
        },
        {
          "@id": "#2df04d68-b82b-4eee-9a3c-403427bc7d6b"
        },
        {
          "@id": "#6182cfd5-7e0d-4978-89aa-059e7d9e5508"
        }
      ],
      "license": {
        "@id": "https://spdx.org/licenses/GPL-3.0-or-later"
      },
      "name": "Genome Assembly using PacBio data",
      "version": 4,
      "programmingLanguage": {
        "@id": "https://w3id.org/workflowhub/workflow-ro-crate#galaxy"
      }
    },
    {
      "@id": "https://spdx.org/licenses/GPL-3.0-or-later",
      "@type": "CreativeWork",
      "name": "GPL-3.0-or-later"
    },
    {
      "@id": "https://w3id.org/workflowhub/workflow-ro-crate#galaxy",
      "@type": "ComputerLanguage",
      "identifier": {
        "@id": "https://galaxyproject.org/"
      },
      "name": "Galaxy",
      "url": {
        "@id": "https://galaxyproject.org/"
      },
      "version": "23.1"
    },
    {
      "@id": "#ac8cde27-e90a-4b0a-a903-f5907a29f359",
      "@type": "Person",
      "name": "Erwan Corre"
    },
    {
      "@id": "#1866722d-ff4d-4379-8447-0ccba0e030d1",
      "@type": "Person",
      "name": "Stéphanie Robin"
    },
    {
      "@id": "#2df04d68-b82b-4eee-9a3c-403427bc7d6b",
      "@type": "Person",
      "name": "Anthony Bretaudeau"
    },
    {
      "@id": "#6182cfd5-7e0d-4978-89aa-059e7d9e5508",
      "@type": "Person",
      "name": "Alexandre Cormier"
    }
  ]
}