{
  "@context": "https://w3id.org/ro/crate/1.1/context",
  "@graph": [
    {
      "@id": "ro-crate-metadata.json",
      "@type": "CreativeWork",
      "about": {
        "@id": "./"
      },
      "conformsTo": [
        {
          "@id": "https://w3id.org/ro/crate/1.1"
        },
        {
          "@id": "https://about.workflowhub.eu/Workflow-RO-Crate/"
        }
      ]
    },
    {
      "@id": "./",
      "@type": "Dataset",
      "datePublished": "2024-01-10T01:13:46.754+00:00",
      "mainEntity": {
        "@id": "main_workflow.ga"
      }
    },
    {
      "@id": "main_workflow.ga",
      "@type": [
        "File",
        "SoftwareSourceCode",
        "ComputationalWorkflow"
      ],
      "author": [
        {
          "@id": "#3d4756b0-bea0-4cab-89a3-c18a65f250e8"
        },
        {
          "@id": "#7bb48d85-8cbc-41f8-a06f-2b4a60155450"
        },
        {
          "@id": "#29604b36-655d-4167-9505-df5c524055f0"
        },
        {
          "@id": "#3d430763-a4c7-4bdc-93a9-270955c29a28"
        }
      ],
      "license": {
        "@id": "https://spdx.org/licenses/GPL-3.0-or-later"
      },
      "name": "Genome Assembly using PacBio data",
      "version": 4,
      "programmingLanguage": {
        "@id": "https://w3id.org/workflowhub/workflow-ro-crate#galaxy"
      }
    },
    {
      "@id": "https://spdx.org/licenses/GPL-3.0-or-later",
      "@type": "CreativeWork",
      "name": "GPL-3.0-or-later"
    },
    {
      "@id": "https://w3id.org/workflowhub/workflow-ro-crate#galaxy",
      "@type": "ComputerLanguage",
      "identifier": {
        "@id": "https://galaxyproject.org/"
      },
      "name": "Galaxy",
      "url": {
        "@id": "https://galaxyproject.org/"
      },
      "version": "23.1"
    },
    {
      "@id": "#3d4756b0-bea0-4cab-89a3-c18a65f250e8",
      "@type": "Person",
      "name": "Erwan Corre"
    },
    {
      "@id": "#7bb48d85-8cbc-41f8-a06f-2b4a60155450",
      "@type": "Person",
      "name": "Stéphanie Robin"
    },
    {
      "@id": "#29604b36-655d-4167-9505-df5c524055f0",
      "@type": "Person",
      "name": "Anthony Bretaudeau"
    },
    {
      "@id": "#3d430763-a4c7-4bdc-93a9-270955c29a28",
      "@type": "Person",
      "name": "Alexandre Cormier"
    }
  ]
}