{
  "@context": "https://w3id.org/ro/crate/1.1/context",
  "@graph": [
    {
      "@id": "ro-crate-metadata.json",
      "@type": "CreativeWork",
      "about": {
        "@id": "./"
      },
      "conformsTo": [
        {
          "@id": "https://w3id.org/ro/crate/1.1"
        },
        {
          "@id": "https://about.workflowhub.eu/Workflow-RO-Crate/"
        }
      ]
    },
    {
      "@id": "./",
      "@type": "Dataset",
      "datePublished": "2023-11-19T01:16:33.783+00:00",
      "mainEntity": {
        "@id": "main_workflow.ga"
      }
    },
    {
      "@id": "main_workflow.ga",
      "@type": [
        "File",
        "SoftwareSourceCode",
        "ComputationalWorkflow"
      ],
      "author": [
        {
          "@id": "#dc97a3b3-246c-4ccc-8618-d42bdbff3f24"
        },
        {
          "@id": "#6cb4a91a-665b-4c0f-8699-1157d8b26608"
        },
        {
          "@id": "#cd7bf3ad-06f1-4b8f-aec1-f2a34dc25364"
        },
        {
          "@id": "#3ac77f12-9985-41ab-91cd-83de2d0ee9bf"
        }
      ],
      "license": {
        "@id": "https://spdx.org/licenses/GPL-3.0-or-later"
      },
      "name": "Genome Assembly using PacBio data",
      "version": 4,
      "programmingLanguage": {
        "@id": "https://w3id.org/workflowhub/workflow-ro-crate#galaxy"
      }
    },
    {
      "@id": "https://spdx.org/licenses/GPL-3.0-or-later",
      "@type": "CreativeWork",
      "name": "GPL-3.0-or-later"
    },
    {
      "@id": "https://w3id.org/workflowhub/workflow-ro-crate#galaxy",
      "@type": "ComputerLanguage",
      "identifier": {
        "@id": "https://galaxyproject.org/"
      },
      "name": "Galaxy",
      "url": {
        "@id": "https://galaxyproject.org/"
      },
      "version": "23.1"
    },
    {
      "@id": "#dc97a3b3-246c-4ccc-8618-d42bdbff3f24",
      "@type": "Person",
      "name": "Erwan Corre"
    },
    {
      "@id": "#6cb4a91a-665b-4c0f-8699-1157d8b26608",
      "@type": "Person",
      "name": "Stéphanie Robin"
    },
    {
      "@id": "#cd7bf3ad-06f1-4b8f-aec1-f2a34dc25364",
      "@type": "Person",
      "name": "Anthony Bretaudeau"
    },
    {
      "@id": "#3ac77f12-9985-41ab-91cd-83de2d0ee9bf",
      "@type": "Person",
      "name": "Alexandre Cormier"
    }
  ]
}