{
  "@context": "https://w3id.org/ro/crate/1.1/context",
  "@graph": [
    {
      "@id": "ro-crate-metadata.json",
      "@type": "CreativeWork",
      "about": {
        "@id": "./"
      },
      "conformsTo": [
        {
          "@id": "https://w3id.org/ro/crate/1.1"
        },
        {
          "@id": "https://about.workflowhub.eu/Workflow-RO-Crate/"
        }
      ]
    },
    {
      "@id": "./",
      "@type": "Dataset",
      "datePublished": "2023-11-30T01:11:39.302+00:00",
      "mainEntity": {
        "@id": "main_workflow.ga"
      }
    },
    {
      "@id": "main_workflow.ga",
      "@type": [
        "File",
        "SoftwareSourceCode",
        "ComputationalWorkflow"
      ],
      "author": [
        {
          "@id": "#da280f25-f059-40e3-8d7c-483d03dc9ecb"
        },
        {
          "@id": "#ff17e737-da2f-4339-b53c-a46df76fcf0a"
        },
        {
          "@id": "#6167700d-7b1a-48a0-9833-0b699ce86ae6"
        },
        {
          "@id": "#04e797df-e747-4b1e-bdf6-83890552a4a6"
        }
      ],
      "license": {
        "@id": "https://spdx.org/licenses/GPL-3.0-or-later"
      },
      "name": "Genome Assembly using PacBio data",
      "version": 4,
      "programmingLanguage": {
        "@id": "https://w3id.org/workflowhub/workflow-ro-crate#galaxy"
      }
    },
    {
      "@id": "https://spdx.org/licenses/GPL-3.0-or-later",
      "@type": "CreativeWork",
      "name": "GPL-3.0-or-later"
    },
    {
      "@id": "https://w3id.org/workflowhub/workflow-ro-crate#galaxy",
      "@type": "ComputerLanguage",
      "identifier": {
        "@id": "https://galaxyproject.org/"
      },
      "name": "Galaxy",
      "url": {
        "@id": "https://galaxyproject.org/"
      },
      "version": "23.1"
    },
    {
      "@id": "#da280f25-f059-40e3-8d7c-483d03dc9ecb",
      "@type": "Person",
      "name": "Erwan Corre"
    },
    {
      "@id": "#ff17e737-da2f-4339-b53c-a46df76fcf0a",
      "@type": "Person",
      "name": "Stéphanie Robin"
    },
    {
      "@id": "#6167700d-7b1a-48a0-9833-0b699ce86ae6",
      "@type": "Person",
      "name": "Anthony Bretaudeau"
    },
    {
      "@id": "#04e797df-e747-4b1e-bdf6-83890552a4a6",
      "@type": "Person",
      "name": "Alexandre Cormier"
    }
  ]
}