{
  "@context": "https://w3id.org/ro/crate/1.1/context",
  "@graph": [
    {
      "@id": "ro-crate-metadata.json",
      "@type": "CreativeWork",
      "about": {
        "@id": "./"
      },
      "conformsTo": [
        {
          "@id": "https://w3id.org/ro/crate/1.1"
        },
        {
          "@id": "https://about.workflowhub.eu/Workflow-RO-Crate/"
        }
      ]
    },
    {
      "@id": "./",
      "@type": "Dataset",
      "datePublished": "2023-12-29T01:00:10.913+00:00",
      "mainEntity": {
        "@id": "main_workflow.ga"
      }
    },
    {
      "@id": "main_workflow.ga",
      "@type": [
        "File",
        "SoftwareSourceCode",
        "ComputationalWorkflow"
      ],
      "author": [
        {
          "@id": "#be1a3cac-67d5-48c8-9d0f-493943c149d0"
        },
        {
          "@id": "#c619be20-cecd-4dda-8b70-155b5366afe3"
        },
        {
          "@id": "#e7e02337-31ff-4688-b5ff-4e507b6a8f63"
        },
        {
          "@id": "#204b5afd-bde0-43b3-952e-a5e5407c9864"
        }
      ],
      "license": {
        "@id": "https://spdx.org/licenses/GPL-3.0-or-later"
      },
      "name": "Genome Assembly using PacBio data",
      "version": 4,
      "programmingLanguage": {
        "@id": "https://w3id.org/workflowhub/workflow-ro-crate#galaxy"
      }
    },
    {
      "@id": "https://spdx.org/licenses/GPL-3.0-or-later",
      "@type": "CreativeWork",
      "name": "GPL-3.0-or-later"
    },
    {
      "@id": "https://w3id.org/workflowhub/workflow-ro-crate#galaxy",
      "@type": "ComputerLanguage",
      "identifier": {
        "@id": "https://galaxyproject.org/"
      },
      "name": "Galaxy",
      "url": {
        "@id": "https://galaxyproject.org/"
      },
      "version": "23.1"
    },
    {
      "@id": "#be1a3cac-67d5-48c8-9d0f-493943c149d0",
      "@type": "Person",
      "name": "Erwan Corre"
    },
    {
      "@id": "#c619be20-cecd-4dda-8b70-155b5366afe3",
      "@type": "Person",
      "name": "Stéphanie Robin"
    },
    {
      "@id": "#e7e02337-31ff-4688-b5ff-4e507b6a8f63",
      "@type": "Person",
      "name": "Anthony Bretaudeau"
    },
    {
      "@id": "#204b5afd-bde0-43b3-952e-a5e5407c9864",
      "@type": "Person",
      "name": "Alexandre Cormier"
    }
  ]
}