{
  "@context": "https://w3id.org/ro/crate/1.1/context",
  "@graph": [
    {
      "@id": "ro-crate-metadata.json",
      "@type": "CreativeWork",
      "about": {
        "@id": "./"
      },
      "conformsTo": [
        {
          "@id": "https://w3id.org/ro/crate/1.1"
        },
        {
          "@id": "https://about.workflowhub.eu/Workflow-RO-Crate/"
        }
      ]
    },
    {
      "@id": "./",
      "@type": "Dataset",
      "datePublished": "2023-12-23T01:07:37.489+00:00",
      "mainEntity": {
        "@id": "main_workflow.ga"
      }
    },
    {
      "@id": "main_workflow.ga",
      "@type": [
        "File",
        "SoftwareSourceCode",
        "ComputationalWorkflow"
      ],
      "author": [
        {
          "@id": "#594bb6d1-3df8-40f6-be35-de3172409391"
        },
        {
          "@id": "#b35b1385-ac7d-4463-9b42-c79783270667"
        },
        {
          "@id": "#e8636f31-0270-48ba-9d3d-25eadf7f8b92"
        },
        {
          "@id": "#f76c535b-37e1-4963-93c1-eda6f8a11213"
        }
      ],
      "license": {
        "@id": "https://spdx.org/licenses/GPL-3.0-or-later"
      },
      "name": "Genome Assembly using PacBio data",
      "version": 4,
      "programmingLanguage": {
        "@id": "https://w3id.org/workflowhub/workflow-ro-crate#galaxy"
      }
    },
    {
      "@id": "https://spdx.org/licenses/GPL-3.0-or-later",
      "@type": "CreativeWork",
      "name": "GPL-3.0-or-later"
    },
    {
      "@id": "https://w3id.org/workflowhub/workflow-ro-crate#galaxy",
      "@type": "ComputerLanguage",
      "identifier": {
        "@id": "https://galaxyproject.org/"
      },
      "name": "Galaxy",
      "url": {
        "@id": "https://galaxyproject.org/"
      },
      "version": "23.1"
    },
    {
      "@id": "#594bb6d1-3df8-40f6-be35-de3172409391",
      "@type": "Person",
      "name": "Erwan Corre"
    },
    {
      "@id": "#b35b1385-ac7d-4463-9b42-c79783270667",
      "@type": "Person",
      "name": "Stéphanie Robin"
    },
    {
      "@id": "#e8636f31-0270-48ba-9d3d-25eadf7f8b92",
      "@type": "Person",
      "name": "Anthony Bretaudeau"
    },
    {
      "@id": "#f76c535b-37e1-4963-93c1-eda6f8a11213",
      "@type": "Person",
      "name": "Alexandre Cormier"
    }
  ]
}