{
  "@context": "https://w3id.org/ro/crate/1.1/context",
  "@graph": [
    {
      "@id": "ro-crate-metadata.json",
      "@type": "CreativeWork",
      "about": {
        "@id": "./"
      },
      "conformsTo": [
        {
          "@id": "https://w3id.org/ro/crate/1.1"
        },
        {
          "@id": "https://about.workflowhub.eu/Workflow-RO-Crate/"
        }
      ]
    },
    {
      "@id": "./",
      "@type": "Dataset",
      "datePublished": "2023-12-11T01:12:21.577+00:00",
      "mainEntity": {
        "@id": "main_workflow.ga"
      }
    },
    {
      "@id": "main_workflow.ga",
      "@type": [
        "File",
        "SoftwareSourceCode",
        "ComputationalWorkflow"
      ],
      "author": [
        {
          "@id": "#df08d739-8ccc-4cfa-a50c-eccf33b28c21"
        },
        {
          "@id": "#74030bc7-5664-45ea-8986-d26dec81e105"
        },
        {
          "@id": "#8ee10853-4574-45d9-8088-1df830d7ae35"
        },
        {
          "@id": "#59a0e447-9ed3-4106-8b50-f42f64b84bc8"
        }
      ],
      "license": {
        "@id": "https://spdx.org/licenses/GPL-3.0-or-later"
      },
      "name": "Genome Assembly using PacBio data",
      "version": 4,
      "programmingLanguage": {
        "@id": "https://w3id.org/workflowhub/workflow-ro-crate#galaxy"
      }
    },
    {
      "@id": "https://spdx.org/licenses/GPL-3.0-or-later",
      "@type": "CreativeWork",
      "name": "GPL-3.0-or-later"
    },
    {
      "@id": "https://w3id.org/workflowhub/workflow-ro-crate#galaxy",
      "@type": "ComputerLanguage",
      "identifier": {
        "@id": "https://galaxyproject.org/"
      },
      "name": "Galaxy",
      "url": {
        "@id": "https://galaxyproject.org/"
      },
      "version": "23.1"
    },
    {
      "@id": "#df08d739-8ccc-4cfa-a50c-eccf33b28c21",
      "@type": "Person",
      "name": "Erwan Corre"
    },
    {
      "@id": "#74030bc7-5664-45ea-8986-d26dec81e105",
      "@type": "Person",
      "name": "Stéphanie Robin"
    },
    {
      "@id": "#8ee10853-4574-45d9-8088-1df830d7ae35",
      "@type": "Person",
      "name": "Anthony Bretaudeau"
    },
    {
      "@id": "#59a0e447-9ed3-4106-8b50-f42f64b84bc8",
      "@type": "Person",
      "name": "Alexandre Cormier"
    }
  ]
}