{
  "@context": "https://w3id.org/ro/crate/1.1/context",
  "@graph": [
    {
      "@id": "ro-crate-metadata.json",
      "@type": "CreativeWork",
      "about": {
        "@id": "./"
      },
      "conformsTo": [
        {
          "@id": "https://w3id.org/ro/crate/1.1"
        },
        {
          "@id": "https://about.workflowhub.eu/Workflow-RO-Crate/"
        }
      ]
    },
    {
      "@id": "./",
      "@type": "Dataset",
      "datePublished": "2023-11-18T01:10:20.979+00:00",
      "mainEntity": {
        "@id": "main_workflow.ga"
      }
    },
    {
      "@id": "main_workflow.ga",
      "@type": [
        "File",
        "SoftwareSourceCode",
        "ComputationalWorkflow"
      ],
      "author": [
        {
          "@id": "#ba6613b1-b245-46fe-832a-5da205476703"
        },
        {
          "@id": "#46098332-8ac0-4456-9a08-a38e474ce550"
        },
        {
          "@id": "#7c40790a-e2c7-42c5-a7d0-850aed8bce21"
        },
        {
          "@id": "#8a13079b-41ac-42db-9573-6e873b0d0491"
        }
      ],
      "license": {
        "@id": "https://spdx.org/licenses/GPL-3.0-or-later"
      },
      "name": "Genome Assembly using PacBio data",
      "version": 4,
      "programmingLanguage": {
        "@id": "https://w3id.org/workflowhub/workflow-ro-crate#galaxy"
      }
    },
    {
      "@id": "https://spdx.org/licenses/GPL-3.0-or-later",
      "@type": "CreativeWork",
      "name": "GPL-3.0-or-later"
    },
    {
      "@id": "https://w3id.org/workflowhub/workflow-ro-crate#galaxy",
      "@type": "ComputerLanguage",
      "identifier": {
        "@id": "https://galaxyproject.org/"
      },
      "name": "Galaxy",
      "url": {
        "@id": "https://galaxyproject.org/"
      },
      "version": "23.1"
    },
    {
      "@id": "#ba6613b1-b245-46fe-832a-5da205476703",
      "@type": "Person",
      "name": "Erwan Corre"
    },
    {
      "@id": "#46098332-8ac0-4456-9a08-a38e474ce550",
      "@type": "Person",
      "name": "Stéphanie Robin"
    },
    {
      "@id": "#7c40790a-e2c7-42c5-a7d0-850aed8bce21",
      "@type": "Person",
      "name": "Anthony Bretaudeau"
    },
    {
      "@id": "#8a13079b-41ac-42db-9573-6e873b0d0491",
      "@type": "Person",
      "name": "Alexandre Cormier"
    }
  ]
}