{
  "@context": "https://w3id.org/ro/crate/1.1/context",
  "@graph": [
    {
      "@id": "ro-crate-metadata.json",
      "@type": "CreativeWork",
      "about": {
        "@id": "./"
      },
      "conformsTo": [
        {
          "@id": "https://w3id.org/ro/crate/1.1"
        },
        {
          "@id": "https://about.workflowhub.eu/Workflow-RO-Crate/"
        }
      ]
    },
    {
      "@id": "./",
      "@type": "Dataset",
      "datePublished": "2023-12-28T01:08:51.743+00:00",
      "mainEntity": {
        "@id": "main_workflow.ga"
      }
    },
    {
      "@id": "main_workflow.ga",
      "@type": [
        "File",
        "SoftwareSourceCode",
        "ComputationalWorkflow"
      ],
      "author": [
        {
          "@id": "#0b8589af-e7f7-49d7-ac82-b4507316e27c"
        },
        {
          "@id": "#7cc20478-12ec-471f-a9c3-6661dd16447c"
        },
        {
          "@id": "#0478f0f0-51ee-43f9-aff0-95ab264f71d5"
        },
        {
          "@id": "#c108238d-46ae-46f5-9fa6-ee069be3360c"
        }
      ],
      "license": {
        "@id": "https://spdx.org/licenses/GPL-3.0-or-later"
      },
      "name": "Genome Assembly using PacBio data",
      "version": 4,
      "programmingLanguage": {
        "@id": "https://w3id.org/workflowhub/workflow-ro-crate#galaxy"
      }
    },
    {
      "@id": "https://spdx.org/licenses/GPL-3.0-or-later",
      "@type": "CreativeWork",
      "name": "GPL-3.0-or-later"
    },
    {
      "@id": "https://w3id.org/workflowhub/workflow-ro-crate#galaxy",
      "@type": "ComputerLanguage",
      "identifier": {
        "@id": "https://galaxyproject.org/"
      },
      "name": "Galaxy",
      "url": {
        "@id": "https://galaxyproject.org/"
      },
      "version": "23.1"
    },
    {
      "@id": "#0b8589af-e7f7-49d7-ac82-b4507316e27c",
      "@type": "Person",
      "name": "Erwan Corre"
    },
    {
      "@id": "#7cc20478-12ec-471f-a9c3-6661dd16447c",
      "@type": "Person",
      "name": "Stéphanie Robin"
    },
    {
      "@id": "#0478f0f0-51ee-43f9-aff0-95ab264f71d5",
      "@type": "Person",
      "name": "Anthony Bretaudeau"
    },
    {
      "@id": "#c108238d-46ae-46f5-9fa6-ee069be3360c",
      "@type": "Person",
      "name": "Alexandre Cormier"
    }
  ]
}