{
  "@context": "https://w3id.org/ro/crate/1.1/context",
  "@graph": [
    {
      "@id": "ro-crate-metadata.json",
      "@type": "CreativeWork",
      "about": {
        "@id": "./"
      },
      "conformsTo": [
        {
          "@id": "https://w3id.org/ro/crate/1.1"
        },
        {
          "@id": "https://about.workflowhub.eu/Workflow-RO-Crate/"
        }
      ]
    },
    {
      "@id": "./",
      "@type": "Dataset",
      "datePublished": "2024-01-03T01:10:51.748+00:00",
      "mainEntity": {
        "@id": "main_workflow.ga"
      }
    },
    {
      "@id": "main_workflow.ga",
      "@type": [
        "File",
        "SoftwareSourceCode",
        "ComputationalWorkflow"
      ],
      "author": [
        {
          "@id": "#30a73df7-45bd-4023-99e6-0c22453c5a15"
        },
        {
          "@id": "#503d399b-0067-4a68-b08d-00ef674328ea"
        },
        {
          "@id": "#f329a6e2-16a5-4e93-a705-09b86ab2027c"
        },
        {
          "@id": "#c09d129c-d947-46bc-824f-fb125ce531d6"
        }
      ],
      "license": {
        "@id": "https://spdx.org/licenses/GPL-3.0-or-later"
      },
      "name": "Genome Assembly using PacBio data",
      "version": 4,
      "programmingLanguage": {
        "@id": "https://w3id.org/workflowhub/workflow-ro-crate#galaxy"
      }
    },
    {
      "@id": "https://spdx.org/licenses/GPL-3.0-or-later",
      "@type": "CreativeWork",
      "name": "GPL-3.0-or-later"
    },
    {
      "@id": "https://w3id.org/workflowhub/workflow-ro-crate#galaxy",
      "@type": "ComputerLanguage",
      "identifier": {
        "@id": "https://galaxyproject.org/"
      },
      "name": "Galaxy",
      "url": {
        "@id": "https://galaxyproject.org/"
      },
      "version": "23.1"
    },
    {
      "@id": "#30a73df7-45bd-4023-99e6-0c22453c5a15",
      "@type": "Person",
      "name": "Erwan Corre"
    },
    {
      "@id": "#503d399b-0067-4a68-b08d-00ef674328ea",
      "@type": "Person",
      "name": "Stéphanie Robin"
    },
    {
      "@id": "#f329a6e2-16a5-4e93-a705-09b86ab2027c",
      "@type": "Person",
      "name": "Anthony Bretaudeau"
    },
    {
      "@id": "#c09d129c-d947-46bc-824f-fb125ce531d6",
      "@type": "Person",
      "name": "Alexandre Cormier"
    }
  ]
}