{
  "@context": "https://w3id.org/ro/crate/1.1/context",
  "@graph": [
    {
      "@id": "ro-crate-metadata.json",
      "@type": "CreativeWork",
      "about": {
        "@id": "./"
      },
      "conformsTo": [
        {
          "@id": "https://w3id.org/ro/crate/1.1"
        },
        {
          "@id": "https://about.workflowhub.eu/Workflow-RO-Crate/"
        }
      ]
    },
    {
      "@id": "./",
      "@type": "Dataset",
      "datePublished": "2023-12-26T01:08:46.000+00:00",
      "mainEntity": {
        "@id": "main_workflow.ga"
      }
    },
    {
      "@id": "main_workflow.ga",
      "@type": [
        "File",
        "SoftwareSourceCode",
        "ComputationalWorkflow"
      ],
      "author": [
        {
          "@id": "#1daf2109-39df-412f-98db-dbf512efeab9"
        },
        {
          "@id": "#c8bb2e51-94cc-4550-8bd2-fc5b37eed6bf"
        },
        {
          "@id": "#692684ec-5afa-4f55-aa8a-7c081a55de02"
        },
        {
          "@id": "#3328405f-f65a-44e4-921d-374ceb60f1c4"
        }
      ],
      "license": {
        "@id": "https://spdx.org/licenses/GPL-3.0-or-later"
      },
      "name": "Genome Assembly using PacBio data",
      "version": 4,
      "programmingLanguage": {
        "@id": "https://w3id.org/workflowhub/workflow-ro-crate#galaxy"
      }
    },
    {
      "@id": "https://spdx.org/licenses/GPL-3.0-or-later",
      "@type": "CreativeWork",
      "name": "GPL-3.0-or-later"
    },
    {
      "@id": "https://w3id.org/workflowhub/workflow-ro-crate#galaxy",
      "@type": "ComputerLanguage",
      "identifier": {
        "@id": "https://galaxyproject.org/"
      },
      "name": "Galaxy",
      "url": {
        "@id": "https://galaxyproject.org/"
      },
      "version": "23.1"
    },
    {
      "@id": "#1daf2109-39df-412f-98db-dbf512efeab9",
      "@type": "Person",
      "name": "Erwan Corre"
    },
    {
      "@id": "#c8bb2e51-94cc-4550-8bd2-fc5b37eed6bf",
      "@type": "Person",
      "name": "Stéphanie Robin"
    },
    {
      "@id": "#692684ec-5afa-4f55-aa8a-7c081a55de02",
      "@type": "Person",
      "name": "Anthony Bretaudeau"
    },
    {
      "@id": "#3328405f-f65a-44e4-921d-374ceb60f1c4",
      "@type": "Person",
      "name": "Alexandre Cormier"
    }
  ]
}