{
  "@context": "https://w3id.org/ro/crate/1.1/context",
  "@graph": [
    {
      "@id": "ro-crate-metadata.json",
      "@type": "CreativeWork",
      "about": {
        "@id": "./"
      },
      "conformsTo": [
        {
          "@id": "https://w3id.org/ro/crate/1.1"
        },
        {
          "@id": "https://about.workflowhub.eu/Workflow-RO-Crate/"
        }
      ]
    },
    {
      "@id": "./",
      "@type": "Dataset",
      "datePublished": "2023-12-18T01:12:29.319+00:00",
      "mainEntity": {
        "@id": "main_workflow.ga"
      }
    },
    {
      "@id": "main_workflow.ga",
      "@type": [
        "File",
        "SoftwareSourceCode",
        "ComputationalWorkflow"
      ],
      "author": [
        {
          "@id": "#017970ce-845d-47b7-b002-6dbc041ae64c"
        },
        {
          "@id": "#43315ec5-353b-499e-adab-a11d45793cdc"
        },
        {
          "@id": "#397ae6ca-6547-42fd-af99-2f5f05c5766a"
        },
        {
          "@id": "#a89a5931-a3ad-41d0-b0aa-da433b826227"
        }
      ],
      "license": {
        "@id": "https://spdx.org/licenses/GPL-3.0-or-later"
      },
      "name": "Genome Assembly using PacBio data",
      "version": 4,
      "programmingLanguage": {
        "@id": "https://w3id.org/workflowhub/workflow-ro-crate#galaxy"
      }
    },
    {
      "@id": "https://spdx.org/licenses/GPL-3.0-or-later",
      "@type": "CreativeWork",
      "name": "GPL-3.0-or-later"
    },
    {
      "@id": "https://w3id.org/workflowhub/workflow-ro-crate#galaxy",
      "@type": "ComputerLanguage",
      "identifier": {
        "@id": "https://galaxyproject.org/"
      },
      "name": "Galaxy",
      "url": {
        "@id": "https://galaxyproject.org/"
      },
      "version": "23.1"
    },
    {
      "@id": "#017970ce-845d-47b7-b002-6dbc041ae64c",
      "@type": "Person",
      "name": "Erwan Corre"
    },
    {
      "@id": "#43315ec5-353b-499e-adab-a11d45793cdc",
      "@type": "Person",
      "name": "Stéphanie Robin"
    },
    {
      "@id": "#397ae6ca-6547-42fd-af99-2f5f05c5766a",
      "@type": "Person",
      "name": "Anthony Bretaudeau"
    },
    {
      "@id": "#a89a5931-a3ad-41d0-b0aa-da433b826227",
      "@type": "Person",
      "name": "Alexandre Cormier"
    }
  ]
}