{
  "@context": "https://w3id.org/ro/crate/1.1/context",
  "@graph": [
    {
      "@id": "ro-crate-metadata.json",
      "@type": "CreativeWork",
      "about": {
        "@id": "./"
      },
      "conformsTo": [
        {
          "@id": "https://w3id.org/ro/crate/1.1"
        },
        {
          "@id": "https://about.workflowhub.eu/Workflow-RO-Crate/"
        }
      ]
    },
    {
      "@id": "./",
      "@type": "Dataset",
      "datePublished": "2023-11-28T01:12:12.059+00:00",
      "mainEntity": {
        "@id": "main_workflow.ga"
      }
    },
    {
      "@id": "main_workflow.ga",
      "@type": [
        "File",
        "SoftwareSourceCode",
        "ComputationalWorkflow"
      ],
      "author": [
        {
          "@id": "#4eb7f8c3-60a5-494f-bf90-5443344ab2a3"
        },
        {
          "@id": "#7d2df17b-8684-4edc-8084-8d45eca01e03"
        },
        {
          "@id": "#d92a2751-89fc-4849-ad40-4ee5268442b9"
        },
        {
          "@id": "#ac836069-349e-461b-a2e0-1d1ab8af763d"
        }
      ],
      "license": {
        "@id": "https://spdx.org/licenses/GPL-3.0-or-later"
      },
      "name": "Genome Assembly using PacBio data",
      "version": 4,
      "programmingLanguage": {
        "@id": "https://w3id.org/workflowhub/workflow-ro-crate#galaxy"
      }
    },
    {
      "@id": "https://spdx.org/licenses/GPL-3.0-or-later",
      "@type": "CreativeWork",
      "name": "GPL-3.0-or-later"
    },
    {
      "@id": "https://w3id.org/workflowhub/workflow-ro-crate#galaxy",
      "@type": "ComputerLanguage",
      "identifier": {
        "@id": "https://galaxyproject.org/"
      },
      "name": "Galaxy",
      "url": {
        "@id": "https://galaxyproject.org/"
      },
      "version": "23.1"
    },
    {
      "@id": "#4eb7f8c3-60a5-494f-bf90-5443344ab2a3",
      "@type": "Person",
      "name": "Erwan Corre"
    },
    {
      "@id": "#7d2df17b-8684-4edc-8084-8d45eca01e03",
      "@type": "Person",
      "name": "Stéphanie Robin"
    },
    {
      "@id": "#d92a2751-89fc-4849-ad40-4ee5268442b9",
      "@type": "Person",
      "name": "Anthony Bretaudeau"
    },
    {
      "@id": "#ac836069-349e-461b-a2e0-1d1ab8af763d",
      "@type": "Person",
      "name": "Alexandre Cormier"
    }
  ]
}