{
  "@context": "https://w3id.org/ro/crate/1.1/context",
  "@graph": [
    {
      "@id": "ro-crate-metadata.json",
      "@type": "CreativeWork",
      "about": {
        "@id": "./"
      },
      "conformsTo": [
        {
          "@id": "https://w3id.org/ro/crate/1.1"
        },
        {
          "@id": "https://about.workflowhub.eu/Workflow-RO-Crate/"
        }
      ]
    },
    {
      "@id": "./",
      "@type": "Dataset",
      "datePublished": "2024-01-23T01:14:13.847+00:00",
      "mainEntity": {
        "@id": "main_workflow.ga"
      }
    },
    {
      "@id": "main_workflow.ga",
      "@type": [
        "File",
        "SoftwareSourceCode",
        "ComputationalWorkflow"
      ],
      "author": [
        {
          "@id": "#e86ad917-ab5c-4339-84c4-81d85441b673"
        },
        {
          "@id": "#758eb947-d354-41b3-beba-cab39a371d28"
        },
        {
          "@id": "#85019c1c-14ba-45e8-ba42-c60999b221e4"
        },
        {
          "@id": "#414c33cc-7fd5-44bc-aca5-b46a2f3bb35a"
        }
      ],
      "license": {
        "@id": "https://spdx.org/licenses/GPL-3.0-or-later"
      },
      "name": "Genome Assembly using PacBio data",
      "version": 4,
      "programmingLanguage": {
        "@id": "https://w3id.org/workflowhub/workflow-ro-crate#galaxy"
      }
    },
    {
      "@id": "https://spdx.org/licenses/GPL-3.0-or-later",
      "@type": "CreativeWork",
      "name": "GPL-3.0-or-later"
    },
    {
      "@id": "https://w3id.org/workflowhub/workflow-ro-crate#galaxy",
      "@type": "ComputerLanguage",
      "identifier": {
        "@id": "https://galaxyproject.org/"
      },
      "name": "Galaxy",
      "url": {
        "@id": "https://galaxyproject.org/"
      },
      "version": "23.1"
    },
    {
      "@id": "#e86ad917-ab5c-4339-84c4-81d85441b673",
      "@type": "Person",
      "name": "Erwan Corre"
    },
    {
      "@id": "#758eb947-d354-41b3-beba-cab39a371d28",
      "@type": "Person",
      "name": "Stéphanie Robin"
    },
    {
      "@id": "#85019c1c-14ba-45e8-ba42-c60999b221e4",
      "@type": "Person",
      "name": "Anthony Bretaudeau"
    },
    {
      "@id": "#414c33cc-7fd5-44bc-aca5-b46a2f3bb35a",
      "@type": "Person",
      "name": "Alexandre Cormier"
    }
  ]
}