{
  "@context": "https://w3id.org/ro/crate/1.1/context",
  "@graph": [
    {
      "@id": "ro-crate-metadata.json",
      "@type": "CreativeWork",
      "about": {
        "@id": "./"
      },
      "conformsTo": [
        {
          "@id": "https://w3id.org/ro/crate/1.1"
        },
        {
          "@id": "https://about.workflowhub.eu/Workflow-RO-Crate/"
        }
      ]
    },
    {
      "@id": "./",
      "@type": "Dataset",
      "datePublished": "2023-12-20T00:59:09.340+00:00",
      "mainEntity": {
        "@id": "main_workflow.ga"
      }
    },
    {
      "@id": "main_workflow.ga",
      "@type": [
        "File",
        "SoftwareSourceCode",
        "ComputationalWorkflow"
      ],
      "author": [
        {
          "@id": "#25a750c5-45e9-4c98-ad57-902dfff74a58"
        },
        {
          "@id": "#bb82ef51-71ab-4c0c-a6f1-da9b2c4ea52e"
        },
        {
          "@id": "#bacbd4b0-989b-40b1-9e24-7c2b999174e7"
        },
        {
          "@id": "#fa9d5a45-01fe-4234-8cda-28de5b6fbd6b"
        }
      ],
      "license": {
        "@id": "https://spdx.org/licenses/GPL-3.0-or-later"
      },
      "name": "Genome Assembly using PacBio data",
      "version": 4,
      "programmingLanguage": {
        "@id": "https://w3id.org/workflowhub/workflow-ro-crate#galaxy"
      }
    },
    {
      "@id": "https://spdx.org/licenses/GPL-3.0-or-later",
      "@type": "CreativeWork",
      "name": "GPL-3.0-or-later"
    },
    {
      "@id": "https://w3id.org/workflowhub/workflow-ro-crate#galaxy",
      "@type": "ComputerLanguage",
      "identifier": {
        "@id": "https://galaxyproject.org/"
      },
      "name": "Galaxy",
      "url": {
        "@id": "https://galaxyproject.org/"
      },
      "version": "23.1"
    },
    {
      "@id": "#25a750c5-45e9-4c98-ad57-902dfff74a58",
      "@type": "Person",
      "name": "Erwan Corre"
    },
    {
      "@id": "#bb82ef51-71ab-4c0c-a6f1-da9b2c4ea52e",
      "@type": "Person",
      "name": "Stéphanie Robin"
    },
    {
      "@id": "#bacbd4b0-989b-40b1-9e24-7c2b999174e7",
      "@type": "Person",
      "name": "Anthony Bretaudeau"
    },
    {
      "@id": "#fa9d5a45-01fe-4234-8cda-28de5b6fbd6b",
      "@type": "Person",
      "name": "Alexandre Cormier"
    }
  ]
}