{
  "@context": "https://w3id.org/ro/crate/1.1/context",
  "@graph": [
    {
      "@id": "ro-crate-metadata.json",
      "@type": "CreativeWork",
      "about": {
        "@id": "./"
      },
      "conformsTo": [
        {
          "@id": "https://w3id.org/ro/crate/1.1"
        },
        {
          "@id": "https://about.workflowhub.eu/Workflow-RO-Crate/"
        }
      ]
    },
    {
      "@id": "./",
      "@type": "Dataset",
      "datePublished": "2024-01-17T01:13:10.202+00:00",
      "mainEntity": {
        "@id": "main_workflow.ga"
      }
    },
    {
      "@id": "main_workflow.ga",
      "@type": [
        "File",
        "SoftwareSourceCode",
        "ComputationalWorkflow"
      ],
      "author": [
        {
          "@id": "#abb62221-66a9-4c70-8e58-2550c84a6671"
        },
        {
          "@id": "#21d5ab5a-8304-478d-8ece-2e8637d788e0"
        },
        {
          "@id": "#a71f2bfc-faa7-45d1-9fff-58662d4dee35"
        },
        {
          "@id": "#d04221d5-b3db-4480-998d-7c9bd1e9fbcd"
        }
      ],
      "license": {
        "@id": "https://spdx.org/licenses/GPL-3.0-or-later"
      },
      "name": "Genome Assembly using PacBio data",
      "version": 4,
      "programmingLanguage": {
        "@id": "https://w3id.org/workflowhub/workflow-ro-crate#galaxy"
      }
    },
    {
      "@id": "https://spdx.org/licenses/GPL-3.0-or-later",
      "@type": "CreativeWork",
      "name": "GPL-3.0-or-later"
    },
    {
      "@id": "https://w3id.org/workflowhub/workflow-ro-crate#galaxy",
      "@type": "ComputerLanguage",
      "identifier": {
        "@id": "https://galaxyproject.org/"
      },
      "name": "Galaxy",
      "url": {
        "@id": "https://galaxyproject.org/"
      },
      "version": "23.1"
    },
    {
      "@id": "#abb62221-66a9-4c70-8e58-2550c84a6671",
      "@type": "Person",
      "name": "Erwan Corre"
    },
    {
      "@id": "#21d5ab5a-8304-478d-8ece-2e8637d788e0",
      "@type": "Person",
      "name": "Stéphanie Robin"
    },
    {
      "@id": "#a71f2bfc-faa7-45d1-9fff-58662d4dee35",
      "@type": "Person",
      "name": "Anthony Bretaudeau"
    },
    {
      "@id": "#d04221d5-b3db-4480-998d-7c9bd1e9fbcd",
      "@type": "Person",
      "name": "Alexandre Cormier"
    }
  ]
}