{
  "@context": "https://w3id.org/ro/crate/1.1/context",
  "@graph": [
    {
      "@id": "ro-crate-metadata.json",
      "@type": "CreativeWork",
      "about": {
        "@id": "./"
      },
      "conformsTo": [
        {
          "@id": "https://w3id.org/ro/crate/1.1"
        },
        {
          "@id": "https://about.workflowhub.eu/Workflow-RO-Crate/"
        }
      ]
    },
    {
      "@id": "./",
      "@type": "Dataset",
      "datePublished": "2024-01-20T01:12:00.680+00:00",
      "mainEntity": {
        "@id": "main_workflow.ga"
      }
    },
    {
      "@id": "main_workflow.ga",
      "@type": [
        "File",
        "SoftwareSourceCode",
        "ComputationalWorkflow"
      ],
      "author": [
        {
          "@id": "#f8409f8a-8db0-4050-8247-dffd08f56cce"
        },
        {
          "@id": "#39db42f0-f2db-415e-9f48-a156bb23f77b"
        },
        {
          "@id": "#77021c61-1e89-43d1-b335-bd55bf61661c"
        },
        {
          "@id": "#4bf974da-3fc3-4a2e-a5be-7eb2d65db6d8"
        }
      ],
      "license": {
        "@id": "https://spdx.org/licenses/GPL-3.0-or-later"
      },
      "name": "Genome Assembly using PacBio data",
      "version": 4,
      "programmingLanguage": {
        "@id": "https://w3id.org/workflowhub/workflow-ro-crate#galaxy"
      }
    },
    {
      "@id": "https://spdx.org/licenses/GPL-3.0-or-later",
      "@type": "CreativeWork",
      "name": "GPL-3.0-or-later"
    },
    {
      "@id": "https://w3id.org/workflowhub/workflow-ro-crate#galaxy",
      "@type": "ComputerLanguage",
      "identifier": {
        "@id": "https://galaxyproject.org/"
      },
      "name": "Galaxy",
      "url": {
        "@id": "https://galaxyproject.org/"
      },
      "version": "23.1"
    },
    {
      "@id": "#f8409f8a-8db0-4050-8247-dffd08f56cce",
      "@type": "Person",
      "name": "Erwan Corre"
    },
    {
      "@id": "#39db42f0-f2db-415e-9f48-a156bb23f77b",
      "@type": "Person",
      "name": "Stéphanie Robin"
    },
    {
      "@id": "#77021c61-1e89-43d1-b335-bd55bf61661c",
      "@type": "Person",
      "name": "Anthony Bretaudeau"
    },
    {
      "@id": "#4bf974da-3fc3-4a2e-a5be-7eb2d65db6d8",
      "@type": "Person",
      "name": "Alexandre Cormier"
    }
  ]
}