{
  "@context": "https://w3id.org/ro/crate/1.1/context",
  "@graph": [
    {
      "@id": "ro-crate-metadata.json",
      "@type": "CreativeWork",
      "about": {
        "@id": "./"
      },
      "conformsTo": [
        {
          "@id": "https://w3id.org/ro/crate/1.1"
        },
        {
          "@id": "https://about.workflowhub.eu/Workflow-RO-Crate/"
        }
      ]
    },
    {
      "@id": "./",
      "@type": "Dataset",
      "datePublished": "2024-01-04T01:11:12.615+00:00",
      "mainEntity": {
        "@id": "main_workflow.ga"
      }
    },
    {
      "@id": "main_workflow.ga",
      "@type": [
        "File",
        "SoftwareSourceCode",
        "ComputationalWorkflow"
      ],
      "author": [
        {
          "@id": "#80c53997-6d98-4e50-8059-99400c96ec91"
        },
        {
          "@id": "#0adf059a-4c11-4128-94eb-b208166ddd56"
        },
        {
          "@id": "#0341dd25-cacc-47a9-9285-5d5268b61ccf"
        },
        {
          "@id": "#4924e875-75d2-44f3-91b5-afcefb8079c0"
        }
      ],
      "license": {
        "@id": "https://spdx.org/licenses/GPL-3.0-or-later"
      },
      "name": "Genome Assembly using PacBio data",
      "version": 4,
      "programmingLanguage": {
        "@id": "https://w3id.org/workflowhub/workflow-ro-crate#galaxy"
      }
    },
    {
      "@id": "https://spdx.org/licenses/GPL-3.0-or-later",
      "@type": "CreativeWork",
      "name": "GPL-3.0-or-later"
    },
    {
      "@id": "https://w3id.org/workflowhub/workflow-ro-crate#galaxy",
      "@type": "ComputerLanguage",
      "identifier": {
        "@id": "https://galaxyproject.org/"
      },
      "name": "Galaxy",
      "url": {
        "@id": "https://galaxyproject.org/"
      },
      "version": "23.1"
    },
    {
      "@id": "#80c53997-6d98-4e50-8059-99400c96ec91",
      "@type": "Person",
      "name": "Erwan Corre"
    },
    {
      "@id": "#0adf059a-4c11-4128-94eb-b208166ddd56",
      "@type": "Person",
      "name": "Stéphanie Robin"
    },
    {
      "@id": "#0341dd25-cacc-47a9-9285-5d5268b61ccf",
      "@type": "Person",
      "name": "Anthony Bretaudeau"
    },
    {
      "@id": "#4924e875-75d2-44f3-91b5-afcefb8079c0",
      "@type": "Person",
      "name": "Alexandre Cormier"
    }
  ]
}