{
  "@context": "https://w3id.org/ro/crate/1.1/context",
  "@graph": [
    {
      "@id": "ro-crate-metadata.json",
      "@type": "CreativeWork",
      "about": {
        "@id": "./"
      },
      "conformsTo": [
        {
          "@id": "https://w3id.org/ro/crate/1.1"
        },
        {
          "@id": "https://about.workflowhub.eu/Workflow-RO-Crate/"
        }
      ]
    },
    {
      "@id": "./",
      "@type": "Dataset",
      "datePublished": "2024-01-24T01:14:04.870+00:00",
      "mainEntity": {
        "@id": "main_workflow.ga"
      }
    },
    {
      "@id": "main_workflow.ga",
      "@type": [
        "File",
        "SoftwareSourceCode",
        "ComputationalWorkflow"
      ],
      "author": [
        {
          "@id": "#537dd44a-1e74-49d0-8a24-39fc33533582"
        },
        {
          "@id": "#7e95c54a-627c-4e8e-ae86-7f3664140e7c"
        },
        {
          "@id": "#ff272223-2893-4520-a43e-0d302817a75a"
        },
        {
          "@id": "#c9746ace-eaec-448d-818c-7193f514796d"
        }
      ],
      "license": {
        "@id": "https://spdx.org/licenses/GPL-3.0-or-later"
      },
      "name": "Genome Assembly using PacBio data",
      "version": 4,
      "programmingLanguage": {
        "@id": "https://w3id.org/workflowhub/workflow-ro-crate#galaxy"
      }
    },
    {
      "@id": "https://spdx.org/licenses/GPL-3.0-or-later",
      "@type": "CreativeWork",
      "name": "GPL-3.0-or-later"
    },
    {
      "@id": "https://w3id.org/workflowhub/workflow-ro-crate#galaxy",
      "@type": "ComputerLanguage",
      "identifier": {
        "@id": "https://galaxyproject.org/"
      },
      "name": "Galaxy",
      "url": {
        "@id": "https://galaxyproject.org/"
      },
      "version": "23.1"
    },
    {
      "@id": "#537dd44a-1e74-49d0-8a24-39fc33533582",
      "@type": "Person",
      "name": "Erwan Corre"
    },
    {
      "@id": "#7e95c54a-627c-4e8e-ae86-7f3664140e7c",
      "@type": "Person",
      "name": "Stéphanie Robin"
    },
    {
      "@id": "#ff272223-2893-4520-a43e-0d302817a75a",
      "@type": "Person",
      "name": "Anthony Bretaudeau"
    },
    {
      "@id": "#c9746ace-eaec-448d-818c-7193f514796d",
      "@type": "Person",
      "name": "Alexandre Cormier"
    }
  ]
}