{
  "@context": "https://w3id.org/ro/crate/1.1/context",
  "@graph": [
    {
      "@id": "ro-crate-metadata.json",
      "@type": "CreativeWork",
      "about": {
        "@id": "./"
      },
      "conformsTo": [
        {
          "@id": "https://w3id.org/ro/crate/1.1"
        },
        {
          "@id": "https://about.workflowhub.eu/Workflow-RO-Crate/"
        }
      ]
    },
    {
      "@id": "./",
      "@type": "Dataset",
      "datePublished": "2023-12-31T01:15:44.647+00:00",
      "mainEntity": {
        "@id": "main_workflow.ga"
      }
    },
    {
      "@id": "main_workflow.ga",
      "@type": [
        "File",
        "SoftwareSourceCode",
        "ComputationalWorkflow"
      ],
      "author": [
        {
          "@id": "#7a6b46ca-0c13-4410-b2a4-95885ad6261d"
        },
        {
          "@id": "#12626d4e-b842-459e-88f3-6ebd72f08a38"
        },
        {
          "@id": "#f0a1290c-7f0e-4071-a7da-7173486e1e3e"
        },
        {
          "@id": "#683cc41c-1714-4dd1-85dd-449879da2da3"
        }
      ],
      "license": {
        "@id": "https://spdx.org/licenses/GPL-3.0-or-later"
      },
      "name": "Genome Assembly using PacBio data",
      "version": 4,
      "programmingLanguage": {
        "@id": "https://w3id.org/workflowhub/workflow-ro-crate#galaxy"
      }
    },
    {
      "@id": "https://spdx.org/licenses/GPL-3.0-or-later",
      "@type": "CreativeWork",
      "name": "GPL-3.0-or-later"
    },
    {
      "@id": "https://w3id.org/workflowhub/workflow-ro-crate#galaxy",
      "@type": "ComputerLanguage",
      "identifier": {
        "@id": "https://galaxyproject.org/"
      },
      "name": "Galaxy",
      "url": {
        "@id": "https://galaxyproject.org/"
      },
      "version": "23.1"
    },
    {
      "@id": "#7a6b46ca-0c13-4410-b2a4-95885ad6261d",
      "@type": "Person",
      "name": "Erwan Corre"
    },
    {
      "@id": "#12626d4e-b842-459e-88f3-6ebd72f08a38",
      "@type": "Person",
      "name": "Stéphanie Robin"
    },
    {
      "@id": "#f0a1290c-7f0e-4071-a7da-7173486e1e3e",
      "@type": "Person",
      "name": "Anthony Bretaudeau"
    },
    {
      "@id": "#683cc41c-1714-4dd1-85dd-449879da2da3",
      "@type": "Person",
      "name": "Alexandre Cormier"
    }
  ]
}