{
  "@context": "https://w3id.org/ro/crate/1.1/context",
  "@graph": [
    {
      "@id": "ro-crate-metadata.json",
      "@type": "CreativeWork",
      "about": {
        "@id": "./"
      },
      "conformsTo": [
        {
          "@id": "https://w3id.org/ro/crate/1.1"
        },
        {
          "@id": "https://about.workflowhub.eu/Workflow-RO-Crate/"
        }
      ]
    },
    {
      "@id": "./",
      "@type": "Dataset",
      "datePublished": "2023-11-17T01:11:07.583+00:00",
      "mainEntity": {
        "@id": "main_workflow.ga"
      }
    },
    {
      "@id": "main_workflow.ga",
      "@type": [
        "File",
        "SoftwareSourceCode",
        "ComputationalWorkflow"
      ],
      "author": [
        {
          "@id": "#6850a7b6-4234-4b44-bf81-1abe178d2957"
        },
        {
          "@id": "#d87d3b02-3302-48e6-83fd-a6f5354a28f6"
        },
        {
          "@id": "#a2a24144-c4e1-4771-9e2e-b7c95616a9ec"
        },
        {
          "@id": "#0e19869a-0c8d-4748-937b-5c0105bacde3"
        }
      ],
      "license": {
        "@id": "https://spdx.org/licenses/GPL-3.0-or-later"
      },
      "name": "Genome Assembly using PacBio data",
      "version": 4,
      "programmingLanguage": {
        "@id": "https://w3id.org/workflowhub/workflow-ro-crate#galaxy"
      }
    },
    {
      "@id": "https://spdx.org/licenses/GPL-3.0-or-later",
      "@type": "CreativeWork",
      "name": "GPL-3.0-or-later"
    },
    {
      "@id": "https://w3id.org/workflowhub/workflow-ro-crate#galaxy",
      "@type": "ComputerLanguage",
      "identifier": {
        "@id": "https://galaxyproject.org/"
      },
      "name": "Galaxy",
      "url": {
        "@id": "https://galaxyproject.org/"
      },
      "version": "23.1"
    },
    {
      "@id": "#6850a7b6-4234-4b44-bf81-1abe178d2957",
      "@type": "Person",
      "name": "Erwan Corre"
    },
    {
      "@id": "#d87d3b02-3302-48e6-83fd-a6f5354a28f6",
      "@type": "Person",
      "name": "Stéphanie Robin"
    },
    {
      "@id": "#a2a24144-c4e1-4771-9e2e-b7c95616a9ec",
      "@type": "Person",
      "name": "Anthony Bretaudeau"
    },
    {
      "@id": "#0e19869a-0c8d-4748-937b-5c0105bacde3",
      "@type": "Person",
      "name": "Alexandre Cormier"
    }
  ]
}