{
  "@context": "https://w3id.org/ro/crate/1.1/context",
  "@graph": [
    {
      "@id": "ro-crate-metadata.json",
      "@type": "CreativeWork",
      "about": {
        "@id": "./"
      },
      "conformsTo": [
        {
          "@id": "https://w3id.org/ro/crate/1.1"
        },
        {
          "@id": "https://about.workflowhub.eu/Workflow-RO-Crate/"
        }
      ]
    },
    {
      "@id": "./",
      "@type": "Dataset",
      "datePublished": "2023-12-08T01:12:30.086+00:00",
      "mainEntity": {
        "@id": "main_workflow.ga"
      }
    },
    {
      "@id": "main_workflow.ga",
      "@type": [
        "File",
        "SoftwareSourceCode",
        "ComputationalWorkflow"
      ],
      "author": [
        {
          "@id": "#fe3f63f9-16d4-470c-b7b4-752b067cd0ca"
        },
        {
          "@id": "#845dd380-7dc3-4ab1-a416-f2c5eb1507ed"
        },
        {
          "@id": "#6d65b872-d867-4bf3-8904-95512e4ed4a5"
        },
        {
          "@id": "#63e62dc5-2fc6-499e-946a-712f82e1b9d1"
        }
      ],
      "license": {
        "@id": "https://spdx.org/licenses/GPL-3.0-or-later"
      },
      "name": "Genome Assembly using PacBio data",
      "version": 4,
      "programmingLanguage": {
        "@id": "https://w3id.org/workflowhub/workflow-ro-crate#galaxy"
      }
    },
    {
      "@id": "https://spdx.org/licenses/GPL-3.0-or-later",
      "@type": "CreativeWork",
      "name": "GPL-3.0-or-later"
    },
    {
      "@id": "https://w3id.org/workflowhub/workflow-ro-crate#galaxy",
      "@type": "ComputerLanguage",
      "identifier": {
        "@id": "https://galaxyproject.org/"
      },
      "name": "Galaxy",
      "url": {
        "@id": "https://galaxyproject.org/"
      },
      "version": "23.1"
    },
    {
      "@id": "#fe3f63f9-16d4-470c-b7b4-752b067cd0ca",
      "@type": "Person",
      "name": "Erwan Corre"
    },
    {
      "@id": "#845dd380-7dc3-4ab1-a416-f2c5eb1507ed",
      "@type": "Person",
      "name": "Stéphanie Robin"
    },
    {
      "@id": "#6d65b872-d867-4bf3-8904-95512e4ed4a5",
      "@type": "Person",
      "name": "Anthony Bretaudeau"
    },
    {
      "@id": "#63e62dc5-2fc6-499e-946a-712f82e1b9d1",
      "@type": "Person",
      "name": "Alexandre Cormier"
    }
  ]
}