{
  "@context": "https://w3id.org/ro/crate/1.1/context",
  "@graph": [
    {
      "@id": "ro-crate-metadata.json",
      "@type": "CreativeWork",
      "about": {
        "@id": "./"
      },
      "conformsTo": [
        {
          "@id": "https://w3id.org/ro/crate/1.1"
        },
        {
          "@id": "https://about.workflowhub.eu/Workflow-RO-Crate/"
        }
      ]
    },
    {
      "@id": "./",
      "@type": "Dataset",
      "datePublished": "2023-11-22T01:13:32.119+00:00",
      "mainEntity": {
        "@id": "main_workflow.ga"
      }
    },
    {
      "@id": "main_workflow.ga",
      "@type": [
        "File",
        "SoftwareSourceCode",
        "ComputationalWorkflow"
      ],
      "author": [
        {
          "@id": "#3afb15e1-b982-40e6-bdb2-08cd49c141e1"
        },
        {
          "@id": "#1279e4fe-7fea-4ce8-a44d-2e358cd10375"
        },
        {
          "@id": "#76e1f82b-768b-4b00-a27e-3f0bc3131a8a"
        },
        {
          "@id": "#ea670535-5f4a-4d2a-b1e7-c7248c19fc27"
        }
      ],
      "license": {
        "@id": "https://spdx.org/licenses/GPL-3.0-or-later"
      },
      "name": "Genome Assembly using PacBio data",
      "version": 4,
      "programmingLanguage": {
        "@id": "https://w3id.org/workflowhub/workflow-ro-crate#galaxy"
      }
    },
    {
      "@id": "https://spdx.org/licenses/GPL-3.0-or-later",
      "@type": "CreativeWork",
      "name": "GPL-3.0-or-later"
    },
    {
      "@id": "https://w3id.org/workflowhub/workflow-ro-crate#galaxy",
      "@type": "ComputerLanguage",
      "identifier": {
        "@id": "https://galaxyproject.org/"
      },
      "name": "Galaxy",
      "url": {
        "@id": "https://galaxyproject.org/"
      },
      "version": "23.1"
    },
    {
      "@id": "#3afb15e1-b982-40e6-bdb2-08cd49c141e1",
      "@type": "Person",
      "name": "Erwan Corre"
    },
    {
      "@id": "#1279e4fe-7fea-4ce8-a44d-2e358cd10375",
      "@type": "Person",
      "name": "Stéphanie Robin"
    },
    {
      "@id": "#76e1f82b-768b-4b00-a27e-3f0bc3131a8a",
      "@type": "Person",
      "name": "Anthony Bretaudeau"
    },
    {
      "@id": "#ea670535-5f4a-4d2a-b1e7-c7248c19fc27",
      "@type": "Person",
      "name": "Alexandre Cormier"
    }
  ]
}