{
  "@context": "https://w3id.org/ro/crate/1.1/context",
  "@graph": [
    {
      "@id": "ro-crate-metadata.json",
      "@type": "CreativeWork",
      "about": {
        "@id": "./"
      },
      "conformsTo": [
        {
          "@id": "https://w3id.org/ro/crate/1.1"
        },
        {
          "@id": "https://about.workflowhub.eu/Workflow-RO-Crate/"
        }
      ]
    },
    {
      "@id": "./",
      "@type": "Dataset",
      "datePublished": "2024-01-11T01:12:59.457+00:00",
      "mainEntity": {
        "@id": "main_workflow.ga"
      }
    },
    {
      "@id": "main_workflow.ga",
      "@type": [
        "File",
        "SoftwareSourceCode",
        "ComputationalWorkflow"
      ],
      "author": [
        {
          "@id": "#48892ed1-8480-4d5e-b61d-0d53236104e7"
        },
        {
          "@id": "#946cbfb0-0b95-4a85-bfe8-897e8ec80662"
        },
        {
          "@id": "#55db6636-4819-4d0d-9d0f-85548ee6a2f5"
        },
        {
          "@id": "#83f51324-71b4-44b2-8317-68785ad6b39f"
        }
      ],
      "license": {
        "@id": "https://spdx.org/licenses/GPL-3.0-or-later"
      },
      "name": "Genome Assembly using PacBio data",
      "version": 4,
      "programmingLanguage": {
        "@id": "https://w3id.org/workflowhub/workflow-ro-crate#galaxy"
      }
    },
    {
      "@id": "https://spdx.org/licenses/GPL-3.0-or-later",
      "@type": "CreativeWork",
      "name": "GPL-3.0-or-later"
    },
    {
      "@id": "https://w3id.org/workflowhub/workflow-ro-crate#galaxy",
      "@type": "ComputerLanguage",
      "identifier": {
        "@id": "https://galaxyproject.org/"
      },
      "name": "Galaxy",
      "url": {
        "@id": "https://galaxyproject.org/"
      },
      "version": "23.1"
    },
    {
      "@id": "#48892ed1-8480-4d5e-b61d-0d53236104e7",
      "@type": "Person",
      "name": "Erwan Corre"
    },
    {
      "@id": "#946cbfb0-0b95-4a85-bfe8-897e8ec80662",
      "@type": "Person",
      "name": "Stéphanie Robin"
    },
    {
      "@id": "#55db6636-4819-4d0d-9d0f-85548ee6a2f5",
      "@type": "Person",
      "name": "Anthony Bretaudeau"
    },
    {
      "@id": "#83f51324-71b4-44b2-8317-68785ad6b39f",
      "@type": "Person",
      "name": "Alexandre Cormier"
    }
  ]
}