{
  "@context": "https://w3id.org/ro/crate/1.1/context",
  "@graph": [
    {
      "@id": "ro-crate-metadata.json",
      "@type": "CreativeWork",
      "about": {
        "@id": "./"
      },
      "conformsTo": [
        {
          "@id": "https://w3id.org/ro/crate/1.1"
        },
        {
          "@id": "https://about.workflowhub.eu/Workflow-RO-Crate/"
        }
      ]
    },
    {
      "@id": "./",
      "@type": "Dataset",
      "datePublished": "2024-01-16T01:13:32.447+00:00",
      "mainEntity": {
        "@id": "main_workflow.ga"
      }
    },
    {
      "@id": "main_workflow.ga",
      "@type": [
        "File",
        "SoftwareSourceCode",
        "ComputationalWorkflow"
      ],
      "author": [
        {
          "@id": "#a0d3fcd1-ed18-4a93-a0ec-7afe078b7636"
        },
        {
          "@id": "#9883131e-b210-46b4-99c0-43eea9885d87"
        },
        {
          "@id": "#f66110ee-36e0-4d47-beda-8da70c37a50c"
        },
        {
          "@id": "#dafaacbd-ac64-4b4f-9e60-323965649da8"
        }
      ],
      "license": {
        "@id": "https://spdx.org/licenses/GPL-3.0-or-later"
      },
      "name": "Genome Assembly using PacBio data",
      "version": 4,
      "programmingLanguage": {
        "@id": "https://w3id.org/workflowhub/workflow-ro-crate#galaxy"
      }
    },
    {
      "@id": "https://spdx.org/licenses/GPL-3.0-or-later",
      "@type": "CreativeWork",
      "name": "GPL-3.0-or-later"
    },
    {
      "@id": "https://w3id.org/workflowhub/workflow-ro-crate#galaxy",
      "@type": "ComputerLanguage",
      "identifier": {
        "@id": "https://galaxyproject.org/"
      },
      "name": "Galaxy",
      "url": {
        "@id": "https://galaxyproject.org/"
      },
      "version": "23.1"
    },
    {
      "@id": "#a0d3fcd1-ed18-4a93-a0ec-7afe078b7636",
      "@type": "Person",
      "name": "Erwan Corre"
    },
    {
      "@id": "#9883131e-b210-46b4-99c0-43eea9885d87",
      "@type": "Person",
      "name": "Stéphanie Robin"
    },
    {
      "@id": "#f66110ee-36e0-4d47-beda-8da70c37a50c",
      "@type": "Person",
      "name": "Anthony Bretaudeau"
    },
    {
      "@id": "#dafaacbd-ac64-4b4f-9e60-323965649da8",
      "@type": "Person",
      "name": "Alexandre Cormier"
    }
  ]
}