{
  "@context": "https://w3id.org/ro/crate/1.1/context",
  "@graph": [
    {
      "@id": "ro-crate-metadata.json",
      "@type": "CreativeWork",
      "about": {
        "@id": "./"
      },
      "conformsTo": [
        {
          "@id": "https://w3id.org/ro/crate/1.1"
        },
        {
          "@id": "https://about.workflowhub.eu/Workflow-RO-Crate/"
        }
      ]
    },
    {
      "@id": "./",
      "@type": "Dataset",
      "datePublished": "2023-12-06T01:14:25.779+00:00",
      "mainEntity": {
        "@id": "main_workflow.ga"
      }
    },
    {
      "@id": "main_workflow.ga",
      "@type": [
        "File",
        "SoftwareSourceCode",
        "ComputationalWorkflow"
      ],
      "author": [
        {
          "@id": "#7fbb412a-acdd-4ce8-84b4-78c0d6f6eca1"
        },
        {
          "@id": "#2513fef5-6a2d-486c-b83b-f8bfe28ebd36"
        },
        {
          "@id": "#d60668bf-8e51-4bc1-9fc7-a3af2bd7d0e5"
        },
        {
          "@id": "#4aae305b-fd84-40a2-9802-9a822de6a05b"
        }
      ],
      "license": {
        "@id": "https://spdx.org/licenses/GPL-3.0-or-later"
      },
      "name": "Genome Assembly using PacBio data",
      "version": 4,
      "programmingLanguage": {
        "@id": "https://w3id.org/workflowhub/workflow-ro-crate#galaxy"
      }
    },
    {
      "@id": "https://spdx.org/licenses/GPL-3.0-or-later",
      "@type": "CreativeWork",
      "name": "GPL-3.0-or-later"
    },
    {
      "@id": "https://w3id.org/workflowhub/workflow-ro-crate#galaxy",
      "@type": "ComputerLanguage",
      "identifier": {
        "@id": "https://galaxyproject.org/"
      },
      "name": "Galaxy",
      "url": {
        "@id": "https://galaxyproject.org/"
      },
      "version": "23.1"
    },
    {
      "@id": "#7fbb412a-acdd-4ce8-84b4-78c0d6f6eca1",
      "@type": "Person",
      "name": "Erwan Corre"
    },
    {
      "@id": "#2513fef5-6a2d-486c-b83b-f8bfe28ebd36",
      "@type": "Person",
      "name": "Stéphanie Robin"
    },
    {
      "@id": "#d60668bf-8e51-4bc1-9fc7-a3af2bd7d0e5",
      "@type": "Person",
      "name": "Anthony Bretaudeau"
    },
    {
      "@id": "#4aae305b-fd84-40a2-9802-9a822de6a05b",
      "@type": "Person",
      "name": "Alexandre Cormier"
    }
  ]
}