{
  "@context": "https://w3id.org/ro/crate/1.1/context",
  "@graph": [
    {
      "@id": "ro-crate-metadata.json",
      "@type": "CreativeWork",
      "about": {
        "@id": "./"
      },
      "conformsTo": [
        {
          "@id": "https://w3id.org/ro/crate/1.1"
        },
        {
          "@id": "https://about.workflowhub.eu/Workflow-RO-Crate/"
        }
      ]
    },
    {
      "@id": "./",
      "@type": "Dataset",
      "datePublished": "2023-12-05T01:12:31.275+00:00",
      "mainEntity": {
        "@id": "main_workflow.ga"
      }
    },
    {
      "@id": "main_workflow.ga",
      "@type": [
        "File",
        "SoftwareSourceCode",
        "ComputationalWorkflow"
      ],
      "author": [
        {
          "@id": "#fed4341c-0854-4336-89de-998006f0087d"
        },
        {
          "@id": "#f7e20ac6-ee07-4900-b0c0-791d3620fff6"
        },
        {
          "@id": "#1fce67c6-e9c6-4c3a-aae6-857dd94d915b"
        },
        {
          "@id": "#e856b29c-b0d2-42ae-8325-19e7b0abab3f"
        }
      ],
      "license": {
        "@id": "https://spdx.org/licenses/GPL-3.0-or-later"
      },
      "name": "Genome Assembly using PacBio data",
      "version": 4,
      "programmingLanguage": {
        "@id": "https://w3id.org/workflowhub/workflow-ro-crate#galaxy"
      }
    },
    {
      "@id": "https://spdx.org/licenses/GPL-3.0-or-later",
      "@type": "CreativeWork",
      "name": "GPL-3.0-or-later"
    },
    {
      "@id": "https://w3id.org/workflowhub/workflow-ro-crate#galaxy",
      "@type": "ComputerLanguage",
      "identifier": {
        "@id": "https://galaxyproject.org/"
      },
      "name": "Galaxy",
      "url": {
        "@id": "https://galaxyproject.org/"
      },
      "version": "23.1"
    },
    {
      "@id": "#fed4341c-0854-4336-89de-998006f0087d",
      "@type": "Person",
      "name": "Erwan Corre"
    },
    {
      "@id": "#f7e20ac6-ee07-4900-b0c0-791d3620fff6",
      "@type": "Person",
      "name": "Stéphanie Robin"
    },
    {
      "@id": "#1fce67c6-e9c6-4c3a-aae6-857dd94d915b",
      "@type": "Person",
      "name": "Anthony Bretaudeau"
    },
    {
      "@id": "#e856b29c-b0d2-42ae-8325-19e7b0abab3f",
      "@type": "Person",
      "name": "Alexandre Cormier"
    }
  ]
}