{
  "@context": "https://w3id.org/ro/crate/1.1/context",
  "@graph": [
    {
      "@id": "ro-crate-metadata.json",
      "@type": "CreativeWork",
      "about": {
        "@id": "./"
      },
      "conformsTo": [
        {
          "@id": "https://w3id.org/ro/crate/1.1"
        },
        {
          "@id": "https://about.workflowhub.eu/Workflow-RO-Crate/"
        }
      ]
    },
    {
      "@id": "./",
      "@type": "Dataset",
      "datePublished": "2023-12-03T01:14:50.204+00:00",
      "mainEntity": {
        "@id": "main_workflow.ga"
      }
    },
    {
      "@id": "main_workflow.ga",
      "@type": [
        "File",
        "SoftwareSourceCode",
        "ComputationalWorkflow"
      ],
      "author": [
        {
          "@id": "#06947a49-d1c6-4ee0-ac24-01ad6c4173d2"
        },
        {
          "@id": "#4ab64c9a-e5c8-45a5-a1fe-7a72ee27d888"
        },
        {
          "@id": "#0702077c-a1ea-4787-85a6-042dbc4b4d3f"
        },
        {
          "@id": "#56d26ad8-561a-4f0f-ac9d-3377a62e1561"
        }
      ],
      "license": {
        "@id": "https://spdx.org/licenses/GPL-3.0-or-later"
      },
      "name": "Genome Assembly using PacBio data",
      "version": 4,
      "programmingLanguage": {
        "@id": "https://w3id.org/workflowhub/workflow-ro-crate#galaxy"
      }
    },
    {
      "@id": "https://spdx.org/licenses/GPL-3.0-or-later",
      "@type": "CreativeWork",
      "name": "GPL-3.0-or-later"
    },
    {
      "@id": "https://w3id.org/workflowhub/workflow-ro-crate#galaxy",
      "@type": "ComputerLanguage",
      "identifier": {
        "@id": "https://galaxyproject.org/"
      },
      "name": "Galaxy",
      "url": {
        "@id": "https://galaxyproject.org/"
      },
      "version": "23.1"
    },
    {
      "@id": "#06947a49-d1c6-4ee0-ac24-01ad6c4173d2",
      "@type": "Person",
      "name": "Erwan Corre"
    },
    {
      "@id": "#4ab64c9a-e5c8-45a5-a1fe-7a72ee27d888",
      "@type": "Person",
      "name": "Stéphanie Robin"
    },
    {
      "@id": "#0702077c-a1ea-4787-85a6-042dbc4b4d3f",
      "@type": "Person",
      "name": "Anthony Bretaudeau"
    },
    {
      "@id": "#56d26ad8-561a-4f0f-ac9d-3377a62e1561",
      "@type": "Person",
      "name": "Alexandre Cormier"
    }
  ]
}