{
  "@context": "https://w3id.org/ro/crate/1.1/context",
  "@graph": [
    {
      "@id": "ro-crate-metadata.json",
      "@type": "CreativeWork",
      "about": {
        "@id": "./"
      },
      "conformsTo": [
        {
          "@id": "https://w3id.org/ro/crate/1.1"
        },
        {
          "@id": "https://about.workflowhub.eu/Workflow-RO-Crate/"
        }
      ]
    },
    {
      "@id": "./",
      "@type": "Dataset",
      "datePublished": "2023-12-16T01:11:02.371+00:00",
      "mainEntity": {
        "@id": "main_workflow.ga"
      }
    },
    {
      "@id": "main_workflow.ga",
      "@type": [
        "File",
        "SoftwareSourceCode",
        "ComputationalWorkflow"
      ],
      "author": [
        {
          "@id": "#af10ac7d-4869-4ed5-8bd8-fa0c2bb8ffdc"
        },
        {
          "@id": "#79c4806d-e2c2-4f96-b3f8-667caccc1850"
        },
        {
          "@id": "#34624f6f-7966-45e7-ba5b-2b4dbd467859"
        },
        {
          "@id": "#5dd0d5a0-b935-465b-8fb9-097f163620dd"
        }
      ],
      "license": {
        "@id": "https://spdx.org/licenses/GPL-3.0-or-later"
      },
      "name": "Genome Assembly using PacBio data",
      "version": 4,
      "programmingLanguage": {
        "@id": "https://w3id.org/workflowhub/workflow-ro-crate#galaxy"
      }
    },
    {
      "@id": "https://spdx.org/licenses/GPL-3.0-or-later",
      "@type": "CreativeWork",
      "name": "GPL-3.0-or-later"
    },
    {
      "@id": "https://w3id.org/workflowhub/workflow-ro-crate#galaxy",
      "@type": "ComputerLanguage",
      "identifier": {
        "@id": "https://galaxyproject.org/"
      },
      "name": "Galaxy",
      "url": {
        "@id": "https://galaxyproject.org/"
      },
      "version": "23.1"
    },
    {
      "@id": "#af10ac7d-4869-4ed5-8bd8-fa0c2bb8ffdc",
      "@type": "Person",
      "name": "Erwan Corre"
    },
    {
      "@id": "#79c4806d-e2c2-4f96-b3f8-667caccc1850",
      "@type": "Person",
      "name": "Stéphanie Robin"
    },
    {
      "@id": "#34624f6f-7966-45e7-ba5b-2b4dbd467859",
      "@type": "Person",
      "name": "Anthony Bretaudeau"
    },
    {
      "@id": "#5dd0d5a0-b935-465b-8fb9-097f163620dd",
      "@type": "Person",
      "name": "Alexandre Cormier"
    }
  ]
}