{
  "@context": "https://w3id.org/ro/crate/1.1/context",
  "@graph": [
    {
      "@id": "ro-crate-metadata.json",
      "@type": "CreativeWork",
      "about": {
        "@id": "./"
      },
      "conformsTo": [
        {
          "@id": "https://w3id.org/ro/crate/1.1"
        },
        {
          "@id": "https://about.workflowhub.eu/Workflow-RO-Crate/"
        }
      ]
    },
    {
      "@id": "./",
      "@type": "Dataset",
      "datePublished": "2023-12-27T01:09:03.074+00:00",
      "mainEntity": {
        "@id": "main_workflow.ga"
      }
    },
    {
      "@id": "main_workflow.ga",
      "@type": [
        "File",
        "SoftwareSourceCode",
        "ComputationalWorkflow"
      ],
      "author": [
        {
          "@id": "#ef654486-1b3a-4d29-9598-f27b0d60accc"
        },
        {
          "@id": "#2ec2fbc9-765b-4dac-8a44-5259aace63df"
        },
        {
          "@id": "#4dac8dae-1c3e-4cf9-aa92-b0d991ef6c91"
        },
        {
          "@id": "#8f83b110-9316-4816-8d5b-28403b12b041"
        }
      ],
      "license": {
        "@id": "https://spdx.org/licenses/GPL-3.0-or-later"
      },
      "name": "Genome Assembly using PacBio data",
      "version": 4,
      "programmingLanguage": {
        "@id": "https://w3id.org/workflowhub/workflow-ro-crate#galaxy"
      }
    },
    {
      "@id": "https://spdx.org/licenses/GPL-3.0-or-later",
      "@type": "CreativeWork",
      "name": "GPL-3.0-or-later"
    },
    {
      "@id": "https://w3id.org/workflowhub/workflow-ro-crate#galaxy",
      "@type": "ComputerLanguage",
      "identifier": {
        "@id": "https://galaxyproject.org/"
      },
      "name": "Galaxy",
      "url": {
        "@id": "https://galaxyproject.org/"
      },
      "version": "23.1"
    },
    {
      "@id": "#ef654486-1b3a-4d29-9598-f27b0d60accc",
      "@type": "Person",
      "name": "Erwan Corre"
    },
    {
      "@id": "#2ec2fbc9-765b-4dac-8a44-5259aace63df",
      "@type": "Person",
      "name": "Stéphanie Robin"
    },
    {
      "@id": "#4dac8dae-1c3e-4cf9-aa92-b0d991ef6c91",
      "@type": "Person",
      "name": "Anthony Bretaudeau"
    },
    {
      "@id": "#8f83b110-9316-4816-8d5b-28403b12b041",
      "@type": "Person",
      "name": "Alexandre Cormier"
    }
  ]
}