{
  "@context": "https://w3id.org/ro/crate/1.1/context",
  "@graph": [
    {
      "@id": "ro-crate-metadata.json",
      "@type": "CreativeWork",
      "about": {
        "@id": "./"
      },
      "conformsTo": [
        {
          "@id": "https://w3id.org/ro/crate/1.1"
        },
        {
          "@id": "https://about.workflowhub.eu/Workflow-RO-Crate/"
        }
      ]
    },
    {
      "@id": "./",
      "@type": "Dataset",
      "datePublished": "2023-12-02T01:08:02.414+00:00",
      "mainEntity": {
        "@id": "main_workflow.ga"
      }
    },
    {
      "@id": "main_workflow.ga",
      "@type": [
        "File",
        "SoftwareSourceCode",
        "ComputationalWorkflow"
      ],
      "author": [
        {
          "@id": "#6966a348-e583-4f13-a6d7-6e852c023a7d"
        },
        {
          "@id": "#fcf9b28f-7fcb-4c53-bca0-f03a6276d5e7"
        },
        {
          "@id": "#f30ce7bb-29c4-4b78-9cb0-970298bcd06c"
        },
        {
          "@id": "#2e22c591-c108-4776-aee4-9c74deeaf382"
        }
      ],
      "license": {
        "@id": "https://spdx.org/licenses/GPL-3.0-or-later"
      },
      "name": "Genome Assembly using PacBio data",
      "version": 4,
      "programmingLanguage": {
        "@id": "https://w3id.org/workflowhub/workflow-ro-crate#galaxy"
      }
    },
    {
      "@id": "https://spdx.org/licenses/GPL-3.0-or-later",
      "@type": "CreativeWork",
      "name": "GPL-3.0-or-later"
    },
    {
      "@id": "https://w3id.org/workflowhub/workflow-ro-crate#galaxy",
      "@type": "ComputerLanguage",
      "identifier": {
        "@id": "https://galaxyproject.org/"
      },
      "name": "Galaxy",
      "url": {
        "@id": "https://galaxyproject.org/"
      },
      "version": "23.1"
    },
    {
      "@id": "#6966a348-e583-4f13-a6d7-6e852c023a7d",
      "@type": "Person",
      "name": "Erwan Corre"
    },
    {
      "@id": "#fcf9b28f-7fcb-4c53-bca0-f03a6276d5e7",
      "@type": "Person",
      "name": "Stéphanie Robin"
    },
    {
      "@id": "#f30ce7bb-29c4-4b78-9cb0-970298bcd06c",
      "@type": "Person",
      "name": "Anthony Bretaudeau"
    },
    {
      "@id": "#2e22c591-c108-4776-aee4-9c74deeaf382",
      "@type": "Person",
      "name": "Alexandre Cormier"
    }
  ]
}