{
  "@context": "https://w3id.org/ro/crate/1.1/context",
  "@graph": [
    {
      "@id": "ro-crate-metadata.json",
      "@type": "CreativeWork",
      "about": {
        "@id": "./"
      },
      "conformsTo": [
        {
          "@id": "https://w3id.org/ro/crate/1.1"
        },
        {
          "@id": "https://about.workflowhub.eu/Workflow-RO-Crate/"
        }
      ]
    },
    {
      "@id": "./",
      "@type": "Dataset",
      "datePublished": "2023-12-04T01:12:00.708+00:00",
      "mainEntity": {
        "@id": "main_workflow.ga"
      }
    },
    {
      "@id": "main_workflow.ga",
      "@type": [
        "File",
        "SoftwareSourceCode",
        "ComputationalWorkflow"
      ],
      "author": [
        {
          "@id": "#41066db1-37fe-4666-aaf8-1a3ba6dfe937"
        },
        {
          "@id": "#7231a9e5-d275-426b-85f5-a5f235a86cb5"
        },
        {
          "@id": "#37ad1a04-acf2-42de-b5ff-88caa2edac9a"
        },
        {
          "@id": "#26d2f421-7cbe-413a-b81d-3b3c736e34f2"
        }
      ],
      "license": {
        "@id": "https://spdx.org/licenses/GPL-3.0-or-later"
      },
      "name": "Genome Assembly using PacBio data",
      "version": 4,
      "programmingLanguage": {
        "@id": "https://w3id.org/workflowhub/workflow-ro-crate#galaxy"
      }
    },
    {
      "@id": "https://spdx.org/licenses/GPL-3.0-or-later",
      "@type": "CreativeWork",
      "name": "GPL-3.0-or-later"
    },
    {
      "@id": "https://w3id.org/workflowhub/workflow-ro-crate#galaxy",
      "@type": "ComputerLanguage",
      "identifier": {
        "@id": "https://galaxyproject.org/"
      },
      "name": "Galaxy",
      "url": {
        "@id": "https://galaxyproject.org/"
      },
      "version": "23.1"
    },
    {
      "@id": "#41066db1-37fe-4666-aaf8-1a3ba6dfe937",
      "@type": "Person",
      "name": "Erwan Corre"
    },
    {
      "@id": "#7231a9e5-d275-426b-85f5-a5f235a86cb5",
      "@type": "Person",
      "name": "Stéphanie Robin"
    },
    {
      "@id": "#37ad1a04-acf2-42de-b5ff-88caa2edac9a",
      "@type": "Person",
      "name": "Anthony Bretaudeau"
    },
    {
      "@id": "#26d2f421-7cbe-413a-b81d-3b3c736e34f2",
      "@type": "Person",
      "name": "Alexandre Cormier"
    }
  ]
}