{
  "@context": "https://w3id.org/ro/crate/1.1/context",
  "@graph": [
    {
      "@id": "ro-crate-metadata.json",
      "@type": "CreativeWork",
      "about": {
        "@id": "./"
      },
      "conformsTo": [
        {
          "@id": "https://w3id.org/ro/crate/1.1"
        },
        {
          "@id": "https://about.workflowhub.eu/Workflow-RO-Crate/"
        }
      ]
    },
    {
      "@id": "./",
      "@type": "Dataset",
      "datePublished": "2023-11-11T02:28:22.297+00:00",
      "mainEntity": {
        "@id": "main_workflow.ga"
      }
    },
    {
      "@id": "main_workflow.ga",
      "@type": [
        "File",
        "SoftwareSourceCode",
        "ComputationalWorkflow"
      ],
      "author": [
        {
          "@id": "#81efceb7-d98e-41eb-8e4c-dcf51935bc82"
        },
        {
          "@id": "#85ac5310-6eab-4a38-9829-036804174f70"
        },
        {
          "@id": "#0ae6837a-9f75-4f05-a6b9-fd56b123846c"
        },
        {
          "@id": "#0e1b7989-0a41-4a76-b49c-e468b665e1ea"
        }
      ],
      "license": {
        "@id": "https://spdx.org/licenses/GPL-3.0-or-later"
      },
      "name": "Genome Assembly using PacBio data",
      "version": 4,
      "programmingLanguage": {
        "@id": "https://w3id.org/workflowhub/workflow-ro-crate#galaxy"
      }
    },
    {
      "@id": "https://spdx.org/licenses/GPL-3.0-or-later",
      "@type": "CreativeWork",
      "name": "GPL-3.0-or-later"
    },
    {
      "@id": "https://w3id.org/workflowhub/workflow-ro-crate#galaxy",
      "@type": "ComputerLanguage",
      "identifier": {
        "@id": "https://galaxyproject.org/"
      },
      "name": "Galaxy",
      "url": {
        "@id": "https://galaxyproject.org/"
      },
      "version": "23.1"
    },
    {
      "@id": "#81efceb7-d98e-41eb-8e4c-dcf51935bc82",
      "@type": "Person",
      "name": "Erwan Corre"
    },
    {
      "@id": "#85ac5310-6eab-4a38-9829-036804174f70",
      "@type": "Person",
      "name": "Stéphanie Robin"
    },
    {
      "@id": "#0ae6837a-9f75-4f05-a6b9-fd56b123846c",
      "@type": "Person",
      "name": "Anthony Bretaudeau"
    },
    {
      "@id": "#0e1b7989-0a41-4a76-b49c-e468b665e1ea",
      "@type": "Person",
      "name": "Alexandre Cormier"
    }
  ]
}