{
  "@context": "https://w3id.org/ro/crate/1.1/context",
  "@graph": [
    {
      "@id": "ro-crate-metadata.json",
      "@type": "CreativeWork",
      "about": {
        "@id": "./"
      },
      "conformsTo": [
        {
          "@id": "https://w3id.org/ro/crate/1.1"
        },
        {
          "@id": "https://about.workflowhub.eu/Workflow-RO-Crate/"
        }
      ]
    },
    {
      "@id": "./",
      "@type": "Dataset",
      "datePublished": "2024-01-15T01:14:57.826+00:00",
      "mainEntity": {
        "@id": "main_workflow.ga"
      }
    },
    {
      "@id": "main_workflow.ga",
      "@type": [
        "File",
        "SoftwareSourceCode",
        "ComputationalWorkflow"
      ],
      "author": [
        {
          "@id": "#e776d437-b0b2-4c5b-ad68-9262acbc26d7"
        },
        {
          "@id": "#0e311662-dab6-4e12-9a25-9a189237fa2e"
        },
        {
          "@id": "#c8d629c5-722b-403d-98b5-7e2bddfe6953"
        },
        {
          "@id": "#8bd0f93f-44d8-4a06-95ef-be537d26a9d6"
        }
      ],
      "license": {
        "@id": "https://spdx.org/licenses/GPL-3.0-or-later"
      },
      "name": "Genome Assembly using PacBio data",
      "version": 4,
      "programmingLanguage": {
        "@id": "https://w3id.org/workflowhub/workflow-ro-crate#galaxy"
      }
    },
    {
      "@id": "https://spdx.org/licenses/GPL-3.0-or-later",
      "@type": "CreativeWork",
      "name": "GPL-3.0-or-later"
    },
    {
      "@id": "https://w3id.org/workflowhub/workflow-ro-crate#galaxy",
      "@type": "ComputerLanguage",
      "identifier": {
        "@id": "https://galaxyproject.org/"
      },
      "name": "Galaxy",
      "url": {
        "@id": "https://galaxyproject.org/"
      },
      "version": "23.1"
    },
    {
      "@id": "#e776d437-b0b2-4c5b-ad68-9262acbc26d7",
      "@type": "Person",
      "name": "Erwan Corre"
    },
    {
      "@id": "#0e311662-dab6-4e12-9a25-9a189237fa2e",
      "@type": "Person",
      "name": "Stéphanie Robin"
    },
    {
      "@id": "#c8d629c5-722b-403d-98b5-7e2bddfe6953",
      "@type": "Person",
      "name": "Anthony Bretaudeau"
    },
    {
      "@id": "#8bd0f93f-44d8-4a06-95ef-be537d26a9d6",
      "@type": "Person",
      "name": "Alexandre Cormier"
    }
  ]
}