{
  "@context": "https://w3id.org/ro/crate/1.1/context",
  "@graph": [
    {
      "@id": "ro-crate-metadata.json",
      "@type": "CreativeWork",
      "about": {
        "@id": "./"
      },
      "conformsTo": [
        {
          "@id": "https://w3id.org/ro/crate/1.1"
        },
        {
          "@id": "https://about.workflowhub.eu/Workflow-RO-Crate/"
        }
      ]
    },
    {
      "@id": "./",
      "@type": "Dataset",
      "datePublished": "2023-11-21T01:14:55.382+00:00",
      "mainEntity": {
        "@id": "main_workflow.ga"
      }
    },
    {
      "@id": "main_workflow.ga",
      "@type": [
        "File",
        "SoftwareSourceCode",
        "ComputationalWorkflow"
      ],
      "author": [
        {
          "@id": "#b856a702-e790-4dd4-8de8-5b9247b7337d"
        },
        {
          "@id": "#1280c521-4997-47ea-88fe-616a035b9def"
        },
        {
          "@id": "#f8f37f53-b87a-4ef0-a5f9-53f03e0f47c9"
        },
        {
          "@id": "#e7071d0b-b559-4497-9912-544a4d60273e"
        }
      ],
      "license": {
        "@id": "https://spdx.org/licenses/GPL-3.0-or-later"
      },
      "name": "Genome Assembly using PacBio data",
      "version": 4,
      "programmingLanguage": {
        "@id": "https://w3id.org/workflowhub/workflow-ro-crate#galaxy"
      }
    },
    {
      "@id": "https://spdx.org/licenses/GPL-3.0-or-later",
      "@type": "CreativeWork",
      "name": "GPL-3.0-or-later"
    },
    {
      "@id": "https://w3id.org/workflowhub/workflow-ro-crate#galaxy",
      "@type": "ComputerLanguage",
      "identifier": {
        "@id": "https://galaxyproject.org/"
      },
      "name": "Galaxy",
      "url": {
        "@id": "https://galaxyproject.org/"
      },
      "version": "23.1"
    },
    {
      "@id": "#b856a702-e790-4dd4-8de8-5b9247b7337d",
      "@type": "Person",
      "name": "Erwan Corre"
    },
    {
      "@id": "#1280c521-4997-47ea-88fe-616a035b9def",
      "@type": "Person",
      "name": "Stéphanie Robin"
    },
    {
      "@id": "#f8f37f53-b87a-4ef0-a5f9-53f03e0f47c9",
      "@type": "Person",
      "name": "Anthony Bretaudeau"
    },
    {
      "@id": "#e7071d0b-b559-4497-9912-544a4d60273e",
      "@type": "Person",
      "name": "Alexandre Cormier"
    }
  ]
}