{
  "@context": "https://w3id.org/ro/crate/1.1/context",
  "@graph": [
    {
      "@id": "ro-crate-metadata.json",
      "@type": "CreativeWork",
      "about": {
        "@id": "./"
      },
      "conformsTo": [
        {
          "@id": "https://w3id.org/ro/crate/1.1"
        },
        {
          "@id": "https://about.workflowhub.eu/Workflow-RO-Crate/"
        }
      ]
    },
    {
      "@id": "./",
      "@type": "Dataset",
      "datePublished": "2023-11-24T01:09:18.552+00:00",
      "mainEntity": {
        "@id": "main_workflow.ga"
      }
    },
    {
      "@id": "main_workflow.ga",
      "@type": [
        "File",
        "SoftwareSourceCode",
        "ComputationalWorkflow"
      ],
      "author": [
        {
          "@id": "#01fcfd02-9253-4602-b861-5bdc465a6db1"
        },
        {
          "@id": "#42069ec5-c8b7-4cd3-8d1b-7c8aa32f72e1"
        },
        {
          "@id": "#816546d2-0ccf-4901-9f25-7a0d2c95fd12"
        },
        {
          "@id": "#14c11e40-26ec-4b99-9bec-0eba8332f48c"
        }
      ],
      "license": {
        "@id": "https://spdx.org/licenses/GPL-3.0-or-later"
      },
      "name": "Genome Assembly using PacBio data",
      "version": 4,
      "programmingLanguage": {
        "@id": "https://w3id.org/workflowhub/workflow-ro-crate#galaxy"
      }
    },
    {
      "@id": "https://spdx.org/licenses/GPL-3.0-or-later",
      "@type": "CreativeWork",
      "name": "GPL-3.0-or-later"
    },
    {
      "@id": "https://w3id.org/workflowhub/workflow-ro-crate#galaxy",
      "@type": "ComputerLanguage",
      "identifier": {
        "@id": "https://galaxyproject.org/"
      },
      "name": "Galaxy",
      "url": {
        "@id": "https://galaxyproject.org/"
      },
      "version": "23.1"
    },
    {
      "@id": "#01fcfd02-9253-4602-b861-5bdc465a6db1",
      "@type": "Person",
      "name": "Erwan Corre"
    },
    {
      "@id": "#42069ec5-c8b7-4cd3-8d1b-7c8aa32f72e1",
      "@type": "Person",
      "name": "Stéphanie Robin"
    },
    {
      "@id": "#816546d2-0ccf-4901-9f25-7a0d2c95fd12",
      "@type": "Person",
      "name": "Anthony Bretaudeau"
    },
    {
      "@id": "#14c11e40-26ec-4b99-9bec-0eba8332f48c",
      "@type": "Person",
      "name": "Alexandre Cormier"
    }
  ]
}