{
  "@context": "https://w3id.org/ro/crate/1.1/context",
  "@graph": [
    {
      "@id": "ro-crate-metadata.json",
      "@type": "CreativeWork",
      "about": {
        "@id": "./"
      },
      "conformsTo": [
        {
          "@id": "https://w3id.org/ro/crate/1.1"
        },
        {
          "@id": "https://about.workflowhub.eu/Workflow-RO-Crate/"
        }
      ]
    },
    {
      "@id": "./",
      "@type": "Dataset",
      "datePublished": "2023-12-24T01:14:58.559+00:00",
      "mainEntity": {
        "@id": "main_workflow.ga"
      }
    },
    {
      "@id": "main_workflow.ga",
      "@type": [
        "File",
        "SoftwareSourceCode",
        "ComputationalWorkflow"
      ],
      "author": [
        {
          "@id": "#64557aa9-9ef0-4628-b3f8-7d2b86145cd9"
        },
        {
          "@id": "#2acce9c2-3f1a-417b-985b-921435d85e9e"
        },
        {
          "@id": "#83850481-64b2-497c-9b97-e139bfa83c9b"
        },
        {
          "@id": "#0b437183-684e-4c44-b8f6-55e609072f77"
        }
      ],
      "license": {
        "@id": "https://spdx.org/licenses/GPL-3.0-or-later"
      },
      "name": "Genome Assembly using PacBio data",
      "version": 4,
      "programmingLanguage": {
        "@id": "https://w3id.org/workflowhub/workflow-ro-crate#galaxy"
      }
    },
    {
      "@id": "https://spdx.org/licenses/GPL-3.0-or-later",
      "@type": "CreativeWork",
      "name": "GPL-3.0-or-later"
    },
    {
      "@id": "https://w3id.org/workflowhub/workflow-ro-crate#galaxy",
      "@type": "ComputerLanguage",
      "identifier": {
        "@id": "https://galaxyproject.org/"
      },
      "name": "Galaxy",
      "url": {
        "@id": "https://galaxyproject.org/"
      },
      "version": "23.1"
    },
    {
      "@id": "#64557aa9-9ef0-4628-b3f8-7d2b86145cd9",
      "@type": "Person",
      "name": "Erwan Corre"
    },
    {
      "@id": "#2acce9c2-3f1a-417b-985b-921435d85e9e",
      "@type": "Person",
      "name": "Stéphanie Robin"
    },
    {
      "@id": "#83850481-64b2-497c-9b97-e139bfa83c9b",
      "@type": "Person",
      "name": "Anthony Bretaudeau"
    },
    {
      "@id": "#0b437183-684e-4c44-b8f6-55e609072f77",
      "@type": "Person",
      "name": "Alexandre Cormier"
    }
  ]
}