{
  "@context": "https://w3id.org/ro/crate/1.1/context",
  "@graph": [
    {
      "@id": "ro-crate-metadata.json",
      "@type": "CreativeWork",
      "about": {
        "@id": "./"
      },
      "conformsTo": [
        {
          "@id": "https://w3id.org/ro/crate/1.1"
        },
        {
          "@id": "https://about.workflowhub.eu/Workflow-RO-Crate/"
        }
      ]
    },
    {
      "@id": "./",
      "@type": "Dataset",
      "datePublished": "2023-11-20T01:11:45.208+00:00",
      "mainEntity": {
        "@id": "main_workflow.ga"
      }
    },
    {
      "@id": "main_workflow.ga",
      "@type": [
        "File",
        "SoftwareSourceCode",
        "ComputationalWorkflow"
      ],
      "author": [
        {
          "@id": "#55459246-156d-488c-b247-b75b6a35c339"
        },
        {
          "@id": "#15621943-605f-4e5e-9c6a-fa9326ebe70b"
        },
        {
          "@id": "#eb74274d-8f1c-42d5-af5c-84caa020651d"
        },
        {
          "@id": "#0389c2f3-0f58-486c-b6a2-f1b2f7c7018f"
        }
      ],
      "license": {
        "@id": "https://spdx.org/licenses/GPL-3.0-or-later"
      },
      "name": "Genome Assembly using PacBio data",
      "version": 4,
      "programmingLanguage": {
        "@id": "https://w3id.org/workflowhub/workflow-ro-crate#galaxy"
      }
    },
    {
      "@id": "https://spdx.org/licenses/GPL-3.0-or-later",
      "@type": "CreativeWork",
      "name": "GPL-3.0-or-later"
    },
    {
      "@id": "https://w3id.org/workflowhub/workflow-ro-crate#galaxy",
      "@type": "ComputerLanguage",
      "identifier": {
        "@id": "https://galaxyproject.org/"
      },
      "name": "Galaxy",
      "url": {
        "@id": "https://galaxyproject.org/"
      },
      "version": "23.1"
    },
    {
      "@id": "#55459246-156d-488c-b247-b75b6a35c339",
      "@type": "Person",
      "name": "Erwan Corre"
    },
    {
      "@id": "#15621943-605f-4e5e-9c6a-fa9326ebe70b",
      "@type": "Person",
      "name": "Stéphanie Robin"
    },
    {
      "@id": "#eb74274d-8f1c-42d5-af5c-84caa020651d",
      "@type": "Person",
      "name": "Anthony Bretaudeau"
    },
    {
      "@id": "#0389c2f3-0f58-486c-b6a2-f1b2f7c7018f",
      "@type": "Person",
      "name": "Alexandre Cormier"
    }
  ]
}