{
  "@context": "https://w3id.org/ro/crate/1.1/context",
  "@graph": [
    {
      "@id": "ro-crate-metadata.json",
      "@type": "CreativeWork",
      "about": {
        "@id": "./"
      },
      "conformsTo": [
        {
          "@id": "https://w3id.org/ro/crate/1.1"
        },
        {
          "@id": "https://about.workflowhub.eu/Workflow-RO-Crate/"
        }
      ]
    },
    {
      "@id": "./",
      "@type": "Dataset",
      "datePublished": "2024-01-19T01:13:19.583+00:00",
      "mainEntity": {
        "@id": "main_workflow.ga"
      }
    },
    {
      "@id": "main_workflow.ga",
      "@type": [
        "File",
        "SoftwareSourceCode",
        "ComputationalWorkflow"
      ],
      "author": [
        {
          "@id": "#326f2bcb-2b80-4962-8553-1a4210997f95"
        },
        {
          "@id": "#84cf98fd-7f68-44bb-93f4-6acfb25bcde7"
        },
        {
          "@id": "#d55ae302-a002-4811-9e37-d38f054c3bf6"
        },
        {
          "@id": "#db8e02c9-06bd-441f-85da-2ca65eb2f2c8"
        }
      ],
      "license": {
        "@id": "https://spdx.org/licenses/GPL-3.0-or-later"
      },
      "name": "Genome Assembly using PacBio data",
      "version": 4,
      "programmingLanguage": {
        "@id": "https://w3id.org/workflowhub/workflow-ro-crate#galaxy"
      }
    },
    {
      "@id": "https://spdx.org/licenses/GPL-3.0-or-later",
      "@type": "CreativeWork",
      "name": "GPL-3.0-or-later"
    },
    {
      "@id": "https://w3id.org/workflowhub/workflow-ro-crate#galaxy",
      "@type": "ComputerLanguage",
      "identifier": {
        "@id": "https://galaxyproject.org/"
      },
      "name": "Galaxy",
      "url": {
        "@id": "https://galaxyproject.org/"
      },
      "version": "23.1"
    },
    {
      "@id": "#326f2bcb-2b80-4962-8553-1a4210997f95",
      "@type": "Person",
      "name": "Erwan Corre"
    },
    {
      "@id": "#84cf98fd-7f68-44bb-93f4-6acfb25bcde7",
      "@type": "Person",
      "name": "Stéphanie Robin"
    },
    {
      "@id": "#d55ae302-a002-4811-9e37-d38f054c3bf6",
      "@type": "Person",
      "name": "Anthony Bretaudeau"
    },
    {
      "@id": "#db8e02c9-06bd-441f-85da-2ca65eb2f2c8",
      "@type": "Person",
      "name": "Alexandre Cormier"
    }
  ]
}