{
  "@context": "https://w3id.org/ro/crate/1.1/context",
  "@graph": [
    {
      "@id": "ro-crate-metadata.json",
      "@type": "CreativeWork",
      "about": {
        "@id": "./"
      },
      "conformsTo": [
        {
          "@id": "https://w3id.org/ro/crate/1.1"
        },
        {
          "@id": "https://about.workflowhub.eu/Workflow-RO-Crate/"
        }
      ]
    },
    {
      "@id": "./",
      "@type": "Dataset",
      "datePublished": "2023-11-10T01:08:39.412+00:00",
      "mainEntity": {
        "@id": "main_workflow.ga"
      }
    },
    {
      "@id": "main_workflow.ga",
      "@type": [
        "File",
        "SoftwareSourceCode",
        "ComputationalWorkflow"
      ],
      "author": [
        {
          "@id": "#cbf2c9b0-3d14-45ef-87f8-95056354f2e3"
        },
        {
          "@id": "#35d52635-54ca-44e4-a644-9a6c013310b0"
        },
        {
          "@id": "#ad65ab0b-104e-4d85-bb85-01b7963c9f65"
        },
        {
          "@id": "#6e344bf5-4e20-4c9e-b862-2429fb17b15e"
        }
      ],
      "license": {
        "@id": "https://spdx.org/licenses/GPL-3.0-or-later"
      },
      "name": "Genome Assembly using PacBio data",
      "version": 4,
      "programmingLanguage": {
        "@id": "https://w3id.org/workflowhub/workflow-ro-crate#galaxy"
      }
    },
    {
      "@id": "https://spdx.org/licenses/GPL-3.0-or-later",
      "@type": "CreativeWork",
      "name": "GPL-3.0-or-later"
    },
    {
      "@id": "https://w3id.org/workflowhub/workflow-ro-crate#galaxy",
      "@type": "ComputerLanguage",
      "identifier": {
        "@id": "https://galaxyproject.org/"
      },
      "name": "Galaxy",
      "url": {
        "@id": "https://galaxyproject.org/"
      },
      "version": "23.1"
    },
    {
      "@id": "#cbf2c9b0-3d14-45ef-87f8-95056354f2e3",
      "@type": "Person",
      "name": "Erwan Corre"
    },
    {
      "@id": "#35d52635-54ca-44e4-a644-9a6c013310b0",
      "@type": "Person",
      "name": "Stéphanie Robin"
    },
    {
      "@id": "#ad65ab0b-104e-4d85-bb85-01b7963c9f65",
      "@type": "Person",
      "name": "Anthony Bretaudeau"
    },
    {
      "@id": "#6e344bf5-4e20-4c9e-b862-2429fb17b15e",
      "@type": "Person",
      "name": "Alexandre Cormier"
    }
  ]
}