{
  "@context": "https://w3id.org/ro/crate/1.1/context",
  "@graph": [
    {
      "@id": "ro-crate-metadata.json",
      "@type": "CreativeWork",
      "about": {
        "@id": "./"
      },
      "conformsTo": [
        {
          "@id": "https://w3id.org/ro/crate/1.1"
        },
        {
          "@id": "https://about.workflowhub.eu/Workflow-RO-Crate/"
        }
      ]
    },
    {
      "@id": "./",
      "@type": "Dataset",
      "datePublished": "2023-11-09T01:09:51.371+00:00",
      "mainEntity": {
        "@id": "main_workflow.ga"
      }
    },
    {
      "@id": "main_workflow.ga",
      "@type": [
        "File",
        "SoftwareSourceCode",
        "ComputationalWorkflow"
      ],
      "author": [
        {
          "@id": "#f8caace1-21c2-49ab-abbb-a9efb4d84aac"
        },
        {
          "@id": "#e5e05aab-feca-4dd2-9855-833aed8e0f0a"
        },
        {
          "@id": "#71e552aa-29e9-458f-b3ce-b2f1c25291cc"
        },
        {
          "@id": "#eb393131-af4f-438c-8295-3f93b9d50878"
        }
      ],
      "license": {
        "@id": "https://spdx.org/licenses/GPL-3.0-or-later"
      },
      "name": "Genome Assembly using PacBio data",
      "version": 4,
      "programmingLanguage": {
        "@id": "https://w3id.org/workflowhub/workflow-ro-crate#galaxy"
      }
    },
    {
      "@id": "https://spdx.org/licenses/GPL-3.0-or-later",
      "@type": "CreativeWork",
      "name": "GPL-3.0-or-later"
    },
    {
      "@id": "https://w3id.org/workflowhub/workflow-ro-crate#galaxy",
      "@type": "ComputerLanguage",
      "identifier": {
        "@id": "https://galaxyproject.org/"
      },
      "name": "Galaxy",
      "url": {
        "@id": "https://galaxyproject.org/"
      },
      "version": "23.1"
    },
    {
      "@id": "#f8caace1-21c2-49ab-abbb-a9efb4d84aac",
      "@type": "Person",
      "name": "Erwan Corre"
    },
    {
      "@id": "#e5e05aab-feca-4dd2-9855-833aed8e0f0a",
      "@type": "Person",
      "name": "Stéphanie Robin"
    },
    {
      "@id": "#71e552aa-29e9-458f-b3ce-b2f1c25291cc",
      "@type": "Person",
      "name": "Anthony Bretaudeau"
    },
    {
      "@id": "#eb393131-af4f-438c-8295-3f93b9d50878",
      "@type": "Person",
      "name": "Alexandre Cormier"
    }
  ]
}