{
  "@context": "https://w3id.org/ro/crate/1.1/context",
  "@graph": [
    {
      "@id": "ro-crate-metadata.json",
      "@type": "CreativeWork",
      "about": {
        "@id": "./"
      },
      "conformsTo": [
        {
          "@id": "https://w3id.org/ro/crate/1.1"
        },
        {
          "@id": "https://about.workflowhub.eu/Workflow-RO-Crate/"
        }
      ]
    },
    {
      "@id": "./",
      "@type": "Dataset",
      "datePublished": "2024-01-07T01:18:54.828+00:00",
      "mainEntity": {
        "@id": "main_workflow.ga"
      }
    },
    {
      "@id": "main_workflow.ga",
      "@type": [
        "File",
        "SoftwareSourceCode",
        "ComputationalWorkflow"
      ],
      "author": [
        {
          "@id": "#9568d2f3-9a7c-4ca7-8881-4dd7296050ab"
        },
        {
          "@id": "#56031169-5ea7-4fb3-8900-d36d6769f93b"
        },
        {
          "@id": "#6cbd89ed-c5c4-469e-b086-12ea9b6dbecd"
        },
        {
          "@id": "#24b4e2cb-1c32-4e9a-8188-7600168bb1c7"
        }
      ],
      "license": {
        "@id": "https://spdx.org/licenses/GPL-3.0-or-later"
      },
      "name": "Genome Assembly using PacBio data",
      "version": 4,
      "programmingLanguage": {
        "@id": "https://w3id.org/workflowhub/workflow-ro-crate#galaxy"
      }
    },
    {
      "@id": "https://spdx.org/licenses/GPL-3.0-or-later",
      "@type": "CreativeWork",
      "name": "GPL-3.0-or-later"
    },
    {
      "@id": "https://w3id.org/workflowhub/workflow-ro-crate#galaxy",
      "@type": "ComputerLanguage",
      "identifier": {
        "@id": "https://galaxyproject.org/"
      },
      "name": "Galaxy",
      "url": {
        "@id": "https://galaxyproject.org/"
      },
      "version": "23.1"
    },
    {
      "@id": "#9568d2f3-9a7c-4ca7-8881-4dd7296050ab",
      "@type": "Person",
      "name": "Erwan Corre"
    },
    {
      "@id": "#56031169-5ea7-4fb3-8900-d36d6769f93b",
      "@type": "Person",
      "name": "Stéphanie Robin"
    },
    {
      "@id": "#6cbd89ed-c5c4-469e-b086-12ea9b6dbecd",
      "@type": "Person",
      "name": "Anthony Bretaudeau"
    },
    {
      "@id": "#24b4e2cb-1c32-4e9a-8188-7600168bb1c7",
      "@type": "Person",
      "name": "Alexandre Cormier"
    }
  ]
}