{
  "@context": "https://w3id.org/ro/crate/1.1/context",
  "@graph": [
    {
      "@id": "ro-crate-metadata.json",
      "@type": "CreativeWork",
      "about": {
        "@id": "./"
      },
      "conformsTo": [
        {
          "@id": "https://w3id.org/ro/crate/1.1"
        },
        {
          "@id": "https://about.workflowhub.eu/Workflow-RO-Crate/"
        }
      ]
    },
    {
      "@id": "./",
      "@type": "Dataset",
      "datePublished": "2024-01-18T01:14:53.960+00:00",
      "mainEntity": {
        "@id": "main_workflow.ga"
      }
    },
    {
      "@id": "main_workflow.ga",
      "@type": [
        "File",
        "SoftwareSourceCode",
        "ComputationalWorkflow"
      ],
      "author": [
        {
          "@id": "#b187e362-c0cf-45ae-a390-8062a9796a3a"
        },
        {
          "@id": "#6b8c379f-a96f-4cf4-b15e-7525b0a0cacd"
        },
        {
          "@id": "#6144892d-c6a9-4211-a2ce-74527d810f78"
        },
        {
          "@id": "#cb1e37d9-c7d9-4dfe-aab4-0f35aa9f97bc"
        }
      ],
      "license": {
        "@id": "https://spdx.org/licenses/GPL-3.0-or-later"
      },
      "name": "Genome Assembly using PacBio data",
      "version": 4,
      "programmingLanguage": {
        "@id": "https://w3id.org/workflowhub/workflow-ro-crate#galaxy"
      }
    },
    {
      "@id": "https://spdx.org/licenses/GPL-3.0-or-later",
      "@type": "CreativeWork",
      "name": "GPL-3.0-or-later"
    },
    {
      "@id": "https://w3id.org/workflowhub/workflow-ro-crate#galaxy",
      "@type": "ComputerLanguage",
      "identifier": {
        "@id": "https://galaxyproject.org/"
      },
      "name": "Galaxy",
      "url": {
        "@id": "https://galaxyproject.org/"
      },
      "version": "23.1"
    },
    {
      "@id": "#b187e362-c0cf-45ae-a390-8062a9796a3a",
      "@type": "Person",
      "name": "Erwan Corre"
    },
    {
      "@id": "#6b8c379f-a96f-4cf4-b15e-7525b0a0cacd",
      "@type": "Person",
      "name": "Stéphanie Robin"
    },
    {
      "@id": "#6144892d-c6a9-4211-a2ce-74527d810f78",
      "@type": "Person",
      "name": "Anthony Bretaudeau"
    },
    {
      "@id": "#cb1e37d9-c7d9-4dfe-aab4-0f35aa9f97bc",
      "@type": "Person",
      "name": "Alexandre Cormier"
    }
  ]
}