{
  "@context": "https://w3id.org/ro/crate/1.1/context",
  "@graph": [
    {
      "@id": "ro-crate-metadata.json",
      "@type": "CreativeWork",
      "about": {
        "@id": "./"
      },
      "conformsTo": [
        {
          "@id": "https://w3id.org/ro/crate/1.1"
        },
        {
          "@id": "https://about.workflowhub.eu/Workflow-RO-Crate/"
        }
      ]
    },
    {
      "@id": "./",
      "@type": "Dataset",
      "datePublished": "2023-12-26T01:08:45.912+00:00",
      "mainEntity": {
        "@id": "main_workflow.ga"
      }
    },
    {
      "@id": "main_workflow.ga",
      "@type": [
        "File",
        "SoftwareSourceCode",
        "ComputationalWorkflow"
      ],
      "author": [
        {
          "@id": "#1bb910f8-d4c9-4e94-b60a-64125be79aa9"
        },
        {
          "@id": "#60ed13f1-3d9a-433d-af1c-0c2b505b9830"
        },
        {
          "@id": "#a6fd67d6-ee42-4b50-b365-0636b26d760b"
        },
        {
          "@id": "#b2ced523-514e-4b7c-94c8-7c64483ae6f9"
        },
        {
          "@id": "#5ab8d834-256b-4870-9d1f-ba1b078322f2"
        }
      ],
      "license": {
        "@id": "https://spdx.org/licenses/GPL-3.0-or-later"
      },
      "name": "Genome Assembly Quality Control",
      "version": 1,
      "programmingLanguage": {
        "@id": "https://w3id.org/workflowhub/workflow-ro-crate#galaxy"
      }
    },
    {
      "@id": "https://spdx.org/licenses/GPL-3.0-or-later",
      "@type": "CreativeWork",
      "name": "GPL-3.0-or-later"
    },
    {
      "@id": "https://w3id.org/workflowhub/workflow-ro-crate#galaxy",
      "@type": "ComputerLanguage",
      "identifier": {
        "@id": "https://galaxyproject.org/"
      },
      "name": "Galaxy",
      "url": {
        "@id": "https://galaxyproject.org/"
      },
      "version": "23.1"
    },
    {
      "@id": "#1bb910f8-d4c9-4e94-b60a-64125be79aa9",
      "@type": "Person",
      "name": "Erwan Corre"
    },
    {
      "@id": "#60ed13f1-3d9a-433d-af1c-0c2b505b9830",
      "@type": "Person",
      "name": "Stéphanie Robin"
    },
    {
      "@id": "#a6fd67d6-ee42-4b50-b365-0636b26d760b",
      "@type": "Person",
      "name": "Anthony Bretaudeau"
    },
    {
      "@id": "#b2ced523-514e-4b7c-94c8-7c64483ae6f9",
      "@type": "Person",
      "name": "Alexandre Cormier"
    },
    {
      "@id": "#5ab8d834-256b-4870-9d1f-ba1b078322f2",
      "@type": "Person",
      "name": "Laura Leroi"
    }
  ]
}