{
  "@context": "https://w3id.org/ro/crate/1.1/context",
  "@graph": [
    {
      "@id": "ro-crate-metadata.json",
      "@type": "CreativeWork",
      "about": {
        "@id": "./"
      },
      "conformsTo": [
        {
          "@id": "https://w3id.org/ro/crate/1.1"
        },
        {
          "@id": "https://about.workflowhub.eu/Workflow-RO-Crate/"
        }
      ]
    },
    {
      "@id": "./",
      "@type": "Dataset",
      "datePublished": "2024-01-06T01:12:01.068+00:00",
      "mainEntity": {
        "@id": "main_workflow.ga"
      }
    },
    {
      "@id": "main_workflow.ga",
      "@type": [
        "File",
        "SoftwareSourceCode",
        "ComputationalWorkflow"
      ],
      "author": [
        {
          "@id": "#3ade5649-6c4d-4c40-9885-82465d3987df"
        },
        {
          "@id": "#5f68b777-2938-4904-b2d7-422e89b6a128"
        },
        {
          "@id": "#1711c741-2378-47c9-afe9-a42b5aa6762f"
        },
        {
          "@id": "#a5acf9bb-3863-4b9c-85c2-419e3b358cd3"
        },
        {
          "@id": "#f9e0afbc-267a-45b8-9932-b25a6eaf068b"
        }
      ],
      "license": {
        "@id": "https://spdx.org/licenses/GPL-3.0-or-later"
      },
      "name": "Genome Assembly Quality Control",
      "version": 1,
      "programmingLanguage": {
        "@id": "https://w3id.org/workflowhub/workflow-ro-crate#galaxy"
      }
    },
    {
      "@id": "https://spdx.org/licenses/GPL-3.0-or-later",
      "@type": "CreativeWork",
      "name": "GPL-3.0-or-later"
    },
    {
      "@id": "https://w3id.org/workflowhub/workflow-ro-crate#galaxy",
      "@type": "ComputerLanguage",
      "identifier": {
        "@id": "https://galaxyproject.org/"
      },
      "name": "Galaxy",
      "url": {
        "@id": "https://galaxyproject.org/"
      },
      "version": "23.1"
    },
    {
      "@id": "#3ade5649-6c4d-4c40-9885-82465d3987df",
      "@type": "Person",
      "name": "Erwan Corre"
    },
    {
      "@id": "#5f68b777-2938-4904-b2d7-422e89b6a128",
      "@type": "Person",
      "name": "Stéphanie Robin"
    },
    {
      "@id": "#1711c741-2378-47c9-afe9-a42b5aa6762f",
      "@type": "Person",
      "name": "Anthony Bretaudeau"
    },
    {
      "@id": "#a5acf9bb-3863-4b9c-85c2-419e3b358cd3",
      "@type": "Person",
      "name": "Alexandre Cormier"
    },
    {
      "@id": "#f9e0afbc-267a-45b8-9932-b25a6eaf068b",
      "@type": "Person",
      "name": "Laura Leroi"
    }
  ]
}