{
  "@context": "https://w3id.org/ro/crate/1.1/context",
  "@graph": [
    {
      "@id": "ro-crate-metadata.json",
      "@type": "CreativeWork",
      "about": {
        "@id": "./"
      },
      "conformsTo": [
        {
          "@id": "https://w3id.org/ro/crate/1.1"
        },
        {
          "@id": "https://about.workflowhub.eu/Workflow-RO-Crate/"
        }
      ]
    },
    {
      "@id": "./",
      "@type": "Dataset",
      "datePublished": "2024-01-05T01:11:28.687+00:00",
      "mainEntity": {
        "@id": "main_workflow.ga"
      }
    },
    {
      "@id": "main_workflow.ga",
      "@type": [
        "File",
        "SoftwareSourceCode",
        "ComputationalWorkflow"
      ],
      "author": [
        {
          "@id": "#2dccc264-bb98-4c7b-8f03-97131a5baf0a"
        },
        {
          "@id": "#19ccfb62-1739-4e5e-8cb5-2951bc33be77"
        },
        {
          "@id": "#6ca79aff-4294-4217-a27d-43eb5b68eb9e"
        },
        {
          "@id": "#bf9e2c18-bc5a-4696-bfa7-f785a02cf316"
        },
        {
          "@id": "#3326d30f-8e13-4578-80dd-0f1287931b65"
        }
      ],
      "license": {
        "@id": "https://spdx.org/licenses/GPL-3.0-or-later"
      },
      "name": "Genome Assembly Quality Control",
      "version": 1,
      "programmingLanguage": {
        "@id": "https://w3id.org/workflowhub/workflow-ro-crate#galaxy"
      }
    },
    {
      "@id": "https://spdx.org/licenses/GPL-3.0-or-later",
      "@type": "CreativeWork",
      "name": "GPL-3.0-or-later"
    },
    {
      "@id": "https://w3id.org/workflowhub/workflow-ro-crate#galaxy",
      "@type": "ComputerLanguage",
      "identifier": {
        "@id": "https://galaxyproject.org/"
      },
      "name": "Galaxy",
      "url": {
        "@id": "https://galaxyproject.org/"
      },
      "version": "23.1"
    },
    {
      "@id": "#2dccc264-bb98-4c7b-8f03-97131a5baf0a",
      "@type": "Person",
      "name": "Erwan Corre"
    },
    {
      "@id": "#19ccfb62-1739-4e5e-8cb5-2951bc33be77",
      "@type": "Person",
      "name": "Stéphanie Robin"
    },
    {
      "@id": "#6ca79aff-4294-4217-a27d-43eb5b68eb9e",
      "@type": "Person",
      "name": "Anthony Bretaudeau"
    },
    {
      "@id": "#bf9e2c18-bc5a-4696-bfa7-f785a02cf316",
      "@type": "Person",
      "name": "Alexandre Cormier"
    },
    {
      "@id": "#3326d30f-8e13-4578-80dd-0f1287931b65",
      "@type": "Person",
      "name": "Laura Leroi"
    }
  ]
}