{
  "@context": "https://w3id.org/ro/crate/1.1/context",
  "@graph": [
    {
      "@id": "ro-crate-metadata.json",
      "@type": "CreativeWork",
      "about": {
        "@id": "./"
      },
      "conformsTo": [
        {
          "@id": "https://w3id.org/ro/crate/1.1"
        },
        {
          "@id": "https://about.workflowhub.eu/Workflow-RO-Crate/"
        }
      ]
    },
    {
      "@id": "./",
      "@type": "Dataset",
      "datePublished": "2023-12-19T01:11:19.027+00:00",
      "mainEntity": {
        "@id": "main_workflow.ga"
      }
    },
    {
      "@id": "main_workflow.ga",
      "@type": [
        "File",
        "SoftwareSourceCode",
        "ComputationalWorkflow"
      ],
      "author": [
        {
          "@id": "#63f11ee9-5097-4563-9887-a7182e8a68db"
        },
        {
          "@id": "#d22a786a-17d6-4567-8fb4-582d77b4cea7"
        },
        {
          "@id": "#3b6e31c8-f13e-4030-854c-d72e03e2deb1"
        },
        {
          "@id": "#39164abc-88af-40d4-b89c-ffdbfe8f80d3"
        },
        {
          "@id": "#1cddd4f1-f8d6-4f53-a745-834f2d3cae93"
        }
      ],
      "license": {
        "@id": "https://spdx.org/licenses/GPL-3.0-or-later"
      },
      "name": "Genome Assembly Quality Control",
      "version": 1,
      "programmingLanguage": {
        "@id": "https://w3id.org/workflowhub/workflow-ro-crate#galaxy"
      }
    },
    {
      "@id": "https://spdx.org/licenses/GPL-3.0-or-later",
      "@type": "CreativeWork",
      "name": "GPL-3.0-or-later"
    },
    {
      "@id": "https://w3id.org/workflowhub/workflow-ro-crate#galaxy",
      "@type": "ComputerLanguage",
      "identifier": {
        "@id": "https://galaxyproject.org/"
      },
      "name": "Galaxy",
      "url": {
        "@id": "https://galaxyproject.org/"
      },
      "version": "23.1"
    },
    {
      "@id": "#63f11ee9-5097-4563-9887-a7182e8a68db",
      "@type": "Person",
      "name": "Erwan Corre"
    },
    {
      "@id": "#d22a786a-17d6-4567-8fb4-582d77b4cea7",
      "@type": "Person",
      "name": "Stéphanie Robin"
    },
    {
      "@id": "#3b6e31c8-f13e-4030-854c-d72e03e2deb1",
      "@type": "Person",
      "name": "Anthony Bretaudeau"
    },
    {
      "@id": "#39164abc-88af-40d4-b89c-ffdbfe8f80d3",
      "@type": "Person",
      "name": "Alexandre Cormier"
    },
    {
      "@id": "#1cddd4f1-f8d6-4f53-a745-834f2d3cae93",
      "@type": "Person",
      "name": "Laura Leroi"
    }
  ]
}