{
  "@context": "https://w3id.org/ro/crate/1.1/context",
  "@graph": [
    {
      "@id": "ro-crate-metadata.json",
      "@type": "CreativeWork",
      "about": {
        "@id": "./"
      },
      "conformsTo": [
        {
          "@id": "https://w3id.org/ro/crate/1.1"
        },
        {
          "@id": "https://about.workflowhub.eu/Workflow-RO-Crate/"
        }
      ]
    },
    {
      "@id": "./",
      "@type": "Dataset",
      "datePublished": "2023-12-31T01:15:44.563+00:00",
      "mainEntity": {
        "@id": "main_workflow.ga"
      }
    },
    {
      "@id": "main_workflow.ga",
      "@type": [
        "File",
        "SoftwareSourceCode",
        "ComputationalWorkflow"
      ],
      "author": [
        {
          "@id": "#1e4f7abe-6b88-4ab3-883d-ce512f5b767e"
        },
        {
          "@id": "#18701e35-9709-45ba-86a0-1d389444c833"
        },
        {
          "@id": "#48088c08-0b47-46e8-bcdb-79e1ea78c11f"
        },
        {
          "@id": "#b2a2a05f-258c-46ae-a366-f483588fe7e1"
        },
        {
          "@id": "#07a650f9-b2b8-4cd2-96a4-c181bc29dcf4"
        }
      ],
      "license": {
        "@id": "https://spdx.org/licenses/GPL-3.0-or-later"
      },
      "name": "Genome Assembly Quality Control",
      "version": 1,
      "programmingLanguage": {
        "@id": "https://w3id.org/workflowhub/workflow-ro-crate#galaxy"
      }
    },
    {
      "@id": "https://spdx.org/licenses/GPL-3.0-or-later",
      "@type": "CreativeWork",
      "name": "GPL-3.0-or-later"
    },
    {
      "@id": "https://w3id.org/workflowhub/workflow-ro-crate#galaxy",
      "@type": "ComputerLanguage",
      "identifier": {
        "@id": "https://galaxyproject.org/"
      },
      "name": "Galaxy",
      "url": {
        "@id": "https://galaxyproject.org/"
      },
      "version": "23.1"
    },
    {
      "@id": "#1e4f7abe-6b88-4ab3-883d-ce512f5b767e",
      "@type": "Person",
      "name": "Erwan Corre"
    },
    {
      "@id": "#18701e35-9709-45ba-86a0-1d389444c833",
      "@type": "Person",
      "name": "Stéphanie Robin"
    },
    {
      "@id": "#48088c08-0b47-46e8-bcdb-79e1ea78c11f",
      "@type": "Person",
      "name": "Anthony Bretaudeau"
    },
    {
      "@id": "#b2a2a05f-258c-46ae-a366-f483588fe7e1",
      "@type": "Person",
      "name": "Alexandre Cormier"
    },
    {
      "@id": "#07a650f9-b2b8-4cd2-96a4-c181bc29dcf4",
      "@type": "Person",
      "name": "Laura Leroi"
    }
  ]
}