{
  "@context": "https://w3id.org/ro/crate/1.1/context",
  "@graph": [
    {
      "@id": "ro-crate-metadata.json",
      "@type": "CreativeWork",
      "about": {
        "@id": "./"
      },
      "conformsTo": [
        {
          "@id": "https://w3id.org/ro/crate/1.1"
        },
        {
          "@id": "https://about.workflowhub.eu/Workflow-RO-Crate/"
        }
      ]
    },
    {
      "@id": "./",
      "@type": "Dataset",
      "datePublished": "2023-11-24T01:09:18.464+00:00",
      "mainEntity": {
        "@id": "main_workflow.ga"
      }
    },
    {
      "@id": "main_workflow.ga",
      "@type": [
        "File",
        "SoftwareSourceCode",
        "ComputationalWorkflow"
      ],
      "author": [
        {
          "@id": "#05646535-5f8b-4345-9359-12b3bdda9789"
        },
        {
          "@id": "#9af30d77-d841-43c3-853e-ba99a4b0c9f5"
        },
        {
          "@id": "#19a018eb-cba9-4e0f-8f82-ccb3a830b76c"
        },
        {
          "@id": "#2c48df92-740c-4fe8-b81a-d9f52f1dd51f"
        },
        {
          "@id": "#9fe34ad1-b45a-4557-807b-f4bf138a78d2"
        }
      ],
      "license": {
        "@id": "https://spdx.org/licenses/GPL-3.0-or-later"
      },
      "name": "Genome Assembly Quality Control",
      "version": 1,
      "programmingLanguage": {
        "@id": "https://w3id.org/workflowhub/workflow-ro-crate#galaxy"
      }
    },
    {
      "@id": "https://spdx.org/licenses/GPL-3.0-or-later",
      "@type": "CreativeWork",
      "name": "GPL-3.0-or-later"
    },
    {
      "@id": "https://w3id.org/workflowhub/workflow-ro-crate#galaxy",
      "@type": "ComputerLanguage",
      "identifier": {
        "@id": "https://galaxyproject.org/"
      },
      "name": "Galaxy",
      "url": {
        "@id": "https://galaxyproject.org/"
      },
      "version": "23.1"
    },
    {
      "@id": "#05646535-5f8b-4345-9359-12b3bdda9789",
      "@type": "Person",
      "name": "Erwan Corre"
    },
    {
      "@id": "#9af30d77-d841-43c3-853e-ba99a4b0c9f5",
      "@type": "Person",
      "name": "Stéphanie Robin"
    },
    {
      "@id": "#19a018eb-cba9-4e0f-8f82-ccb3a830b76c",
      "@type": "Person",
      "name": "Anthony Bretaudeau"
    },
    {
      "@id": "#2c48df92-740c-4fe8-b81a-d9f52f1dd51f",
      "@type": "Person",
      "name": "Alexandre Cormier"
    },
    {
      "@id": "#9fe34ad1-b45a-4557-807b-f4bf138a78d2",
      "@type": "Person",
      "name": "Laura Leroi"
    }
  ]
}