{
  "@context": "https://w3id.org/ro/crate/1.1/context",
  "@graph": [
    {
      "@id": "ro-crate-metadata.json",
      "@type": "CreativeWork",
      "about": {
        "@id": "./"
      },
      "conformsTo": [
        {
          "@id": "https://w3id.org/ro/crate/1.1"
        },
        {
          "@id": "https://about.workflowhub.eu/Workflow-RO-Crate/"
        }
      ]
    },
    {
      "@id": "./",
      "@type": "Dataset",
      "datePublished": "2024-01-17T01:13:10.118+00:00",
      "mainEntity": {
        "@id": "main_workflow.ga"
      }
    },
    {
      "@id": "main_workflow.ga",
      "@type": [
        "File",
        "SoftwareSourceCode",
        "ComputationalWorkflow"
      ],
      "author": [
        {
          "@id": "#066fffb6-7d98-4a1e-bd3d-eea70a3a264f"
        },
        {
          "@id": "#975c2cf4-c124-412c-a7ee-b73a37a589a7"
        },
        {
          "@id": "#bf3cece0-2fdd-4148-a40a-2960585f68f4"
        },
        {
          "@id": "#722c718c-257d-4026-a4a2-d58f4962e507"
        },
        {
          "@id": "#b2b4ca78-beb2-40bf-9902-05556d104408"
        }
      ],
      "license": {
        "@id": "https://spdx.org/licenses/GPL-3.0-or-later"
      },
      "name": "Genome Assembly Quality Control",
      "version": 1,
      "programmingLanguage": {
        "@id": "https://w3id.org/workflowhub/workflow-ro-crate#galaxy"
      }
    },
    {
      "@id": "https://spdx.org/licenses/GPL-3.0-or-later",
      "@type": "CreativeWork",
      "name": "GPL-3.0-or-later"
    },
    {
      "@id": "https://w3id.org/workflowhub/workflow-ro-crate#galaxy",
      "@type": "ComputerLanguage",
      "identifier": {
        "@id": "https://galaxyproject.org/"
      },
      "name": "Galaxy",
      "url": {
        "@id": "https://galaxyproject.org/"
      },
      "version": "23.1"
    },
    {
      "@id": "#066fffb6-7d98-4a1e-bd3d-eea70a3a264f",
      "@type": "Person",
      "name": "Erwan Corre"
    },
    {
      "@id": "#975c2cf4-c124-412c-a7ee-b73a37a589a7",
      "@type": "Person",
      "name": "Stéphanie Robin"
    },
    {
      "@id": "#bf3cece0-2fdd-4148-a40a-2960585f68f4",
      "@type": "Person",
      "name": "Anthony Bretaudeau"
    },
    {
      "@id": "#722c718c-257d-4026-a4a2-d58f4962e507",
      "@type": "Person",
      "name": "Alexandre Cormier"
    },
    {
      "@id": "#b2b4ca78-beb2-40bf-9902-05556d104408",
      "@type": "Person",
      "name": "Laura Leroi"
    }
  ]
}