{
  "@context": "https://w3id.org/ro/crate/1.1/context",
  "@graph": [
    {
      "@id": "ro-crate-metadata.json",
      "@type": "CreativeWork",
      "about": {
        "@id": "./"
      },
      "conformsTo": [
        {
          "@id": "https://w3id.org/ro/crate/1.1"
        },
        {
          "@id": "https://about.workflowhub.eu/Workflow-RO-Crate/"
        }
      ]
    },
    {
      "@id": "./",
      "@type": "Dataset",
      "datePublished": "2023-11-20T01:11:45.124+00:00",
      "mainEntity": {
        "@id": "main_workflow.ga"
      }
    },
    {
      "@id": "main_workflow.ga",
      "@type": [
        "File",
        "SoftwareSourceCode",
        "ComputationalWorkflow"
      ],
      "author": [
        {
          "@id": "#0d6fc5e3-046d-462f-a3ef-daea1bdd82ad"
        },
        {
          "@id": "#c23fc43e-3489-4357-99ee-2dc57fb0119e"
        },
        {
          "@id": "#294d1e99-d89d-4dfd-a92b-286ec844c07c"
        },
        {
          "@id": "#53467d7e-c8ff-42a8-ad64-86b52408ff1f"
        },
        {
          "@id": "#2af0ca35-6b49-4988-95cc-7eb83f08abbd"
        }
      ],
      "license": {
        "@id": "https://spdx.org/licenses/GPL-3.0-or-later"
      },
      "name": "Genome Assembly Quality Control",
      "version": 1,
      "programmingLanguage": {
        "@id": "https://w3id.org/workflowhub/workflow-ro-crate#galaxy"
      }
    },
    {
      "@id": "https://spdx.org/licenses/GPL-3.0-or-later",
      "@type": "CreativeWork",
      "name": "GPL-3.0-or-later"
    },
    {
      "@id": "https://w3id.org/workflowhub/workflow-ro-crate#galaxy",
      "@type": "ComputerLanguage",
      "identifier": {
        "@id": "https://galaxyproject.org/"
      },
      "name": "Galaxy",
      "url": {
        "@id": "https://galaxyproject.org/"
      },
      "version": "23.1"
    },
    {
      "@id": "#0d6fc5e3-046d-462f-a3ef-daea1bdd82ad",
      "@type": "Person",
      "name": "Erwan Corre"
    },
    {
      "@id": "#c23fc43e-3489-4357-99ee-2dc57fb0119e",
      "@type": "Person",
      "name": "Stéphanie Robin"
    },
    {
      "@id": "#294d1e99-d89d-4dfd-a92b-286ec844c07c",
      "@type": "Person",
      "name": "Anthony Bretaudeau"
    },
    {
      "@id": "#53467d7e-c8ff-42a8-ad64-86b52408ff1f",
      "@type": "Person",
      "name": "Alexandre Cormier"
    },
    {
      "@id": "#2af0ca35-6b49-4988-95cc-7eb83f08abbd",
      "@type": "Person",
      "name": "Laura Leroi"
    }
  ]
}