{
  "@context": "https://w3id.org/ro/crate/1.1/context",
  "@graph": [
    {
      "@id": "ro-crate-metadata.json",
      "@type": "CreativeWork",
      "about": {
        "@id": "./"
      },
      "conformsTo": [
        {
          "@id": "https://w3id.org/ro/crate/1.1"
        },
        {
          "@id": "https://about.workflowhub.eu/Workflow-RO-Crate/"
        }
      ]
    },
    {
      "@id": "./",
      "@type": "Dataset",
      "datePublished": "2024-01-01T01:17:04.040+00:00",
      "mainEntity": {
        "@id": "main_workflow.ga"
      }
    },
    {
      "@id": "main_workflow.ga",
      "@type": [
        "File",
        "SoftwareSourceCode",
        "ComputationalWorkflow"
      ],
      "author": [
        {
          "@id": "#bd59fbd7-99f3-4abb-a8c7-bd2b6cbcbb20"
        },
        {
          "@id": "#3f47300e-426b-4d57-98b4-66a9c6049655"
        },
        {
          "@id": "#ab052f96-9e9c-4e81-b52b-b1d6b2cedf61"
        },
        {
          "@id": "#fae3f689-93d9-4bda-a428-835abc284194"
        },
        {
          "@id": "#44250218-8a62-41c0-8f84-cdfb47809934"
        }
      ],
      "license": {
        "@id": "https://spdx.org/licenses/GPL-3.0-or-later"
      },
      "name": "Genome Assembly Quality Control",
      "version": 1,
      "programmingLanguage": {
        "@id": "https://w3id.org/workflowhub/workflow-ro-crate#galaxy"
      }
    },
    {
      "@id": "https://spdx.org/licenses/GPL-3.0-or-later",
      "@type": "CreativeWork",
      "name": "GPL-3.0-or-later"
    },
    {
      "@id": "https://w3id.org/workflowhub/workflow-ro-crate#galaxy",
      "@type": "ComputerLanguage",
      "identifier": {
        "@id": "https://galaxyproject.org/"
      },
      "name": "Galaxy",
      "url": {
        "@id": "https://galaxyproject.org/"
      },
      "version": "23.1"
    },
    {
      "@id": "#bd59fbd7-99f3-4abb-a8c7-bd2b6cbcbb20",
      "@type": "Person",
      "name": "Erwan Corre"
    },
    {
      "@id": "#3f47300e-426b-4d57-98b4-66a9c6049655",
      "@type": "Person",
      "name": "Stéphanie Robin"
    },
    {
      "@id": "#ab052f96-9e9c-4e81-b52b-b1d6b2cedf61",
      "@type": "Person",
      "name": "Anthony Bretaudeau"
    },
    {
      "@id": "#fae3f689-93d9-4bda-a428-835abc284194",
      "@type": "Person",
      "name": "Alexandre Cormier"
    },
    {
      "@id": "#44250218-8a62-41c0-8f84-cdfb47809934",
      "@type": "Person",
      "name": "Laura Leroi"
    }
  ]
}