{
  "@context": "https://w3id.org/ro/crate/1.1/context",
  "@graph": [
    {
      "@id": "ro-crate-metadata.json",
      "@type": "CreativeWork",
      "about": {
        "@id": "./"
      },
      "conformsTo": [
        {
          "@id": "https://w3id.org/ro/crate/1.1"
        },
        {
          "@id": "https://about.workflowhub.eu/Workflow-RO-Crate/"
        }
      ]
    },
    {
      "@id": "./",
      "@type": "Dataset",
      "datePublished": "2023-11-19T01:16:33.699+00:00",
      "mainEntity": {
        "@id": "main_workflow.ga"
      }
    },
    {
      "@id": "main_workflow.ga",
      "@type": [
        "File",
        "SoftwareSourceCode",
        "ComputationalWorkflow"
      ],
      "author": [
        {
          "@id": "#428f14ea-556d-452c-854e-3e79658d2a9d"
        },
        {
          "@id": "#62decab8-92c4-4f2e-9d92-50bf99f95d04"
        },
        {
          "@id": "#65476945-5922-432e-a104-bdd02627c0e6"
        },
        {
          "@id": "#e3874422-80db-4ea3-9e6d-2f398b77a31d"
        },
        {
          "@id": "#6312bcde-aaae-4d81-bdd8-2085434746ad"
        }
      ],
      "license": {
        "@id": "https://spdx.org/licenses/GPL-3.0-or-later"
      },
      "name": "Genome Assembly Quality Control",
      "version": 1,
      "programmingLanguage": {
        "@id": "https://w3id.org/workflowhub/workflow-ro-crate#galaxy"
      }
    },
    {
      "@id": "https://spdx.org/licenses/GPL-3.0-or-later",
      "@type": "CreativeWork",
      "name": "GPL-3.0-or-later"
    },
    {
      "@id": "https://w3id.org/workflowhub/workflow-ro-crate#galaxy",
      "@type": "ComputerLanguage",
      "identifier": {
        "@id": "https://galaxyproject.org/"
      },
      "name": "Galaxy",
      "url": {
        "@id": "https://galaxyproject.org/"
      },
      "version": "23.1"
    },
    {
      "@id": "#428f14ea-556d-452c-854e-3e79658d2a9d",
      "@type": "Person",
      "name": "Erwan Corre"
    },
    {
      "@id": "#62decab8-92c4-4f2e-9d92-50bf99f95d04",
      "@type": "Person",
      "name": "Stéphanie Robin"
    },
    {
      "@id": "#65476945-5922-432e-a104-bdd02627c0e6",
      "@type": "Person",
      "name": "Anthony Bretaudeau"
    },
    {
      "@id": "#e3874422-80db-4ea3-9e6d-2f398b77a31d",
      "@type": "Person",
      "name": "Alexandre Cormier"
    },
    {
      "@id": "#6312bcde-aaae-4d81-bdd8-2085434746ad",
      "@type": "Person",
      "name": "Laura Leroi"
    }
  ]
}