{
  "@context": "https://w3id.org/ro/crate/1.1/context",
  "@graph": [
    {
      "@id": "ro-crate-metadata.json",
      "@type": "CreativeWork",
      "about": {
        "@id": "./"
      },
      "conformsTo": [
        {
          "@id": "https://w3id.org/ro/crate/1.1"
        },
        {
          "@id": "https://about.workflowhub.eu/Workflow-RO-Crate/"
        }
      ]
    },
    {
      "@id": "./",
      "@type": "Dataset",
      "datePublished": "2024-01-16T01:13:32.363+00:00",
      "mainEntity": {
        "@id": "main_workflow.ga"
      }
    },
    {
      "@id": "main_workflow.ga",
      "@type": [
        "File",
        "SoftwareSourceCode",
        "ComputationalWorkflow"
      ],
      "author": [
        {
          "@id": "#f7db5c09-8310-4324-8875-f7c1fdd1b973"
        },
        {
          "@id": "#cc5cae1b-664e-4d75-a292-39b80bcee495"
        },
        {
          "@id": "#25c12272-386a-49ea-8706-7559bf2401a9"
        },
        {
          "@id": "#909b1779-3be1-4ce8-828d-2334783205d7"
        },
        {
          "@id": "#622dc9ee-6f12-4168-9555-d351776b0f60"
        }
      ],
      "license": {
        "@id": "https://spdx.org/licenses/GPL-3.0-or-later"
      },
      "name": "Genome Assembly Quality Control",
      "version": 1,
      "programmingLanguage": {
        "@id": "https://w3id.org/workflowhub/workflow-ro-crate#galaxy"
      }
    },
    {
      "@id": "https://spdx.org/licenses/GPL-3.0-or-later",
      "@type": "CreativeWork",
      "name": "GPL-3.0-or-later"
    },
    {
      "@id": "https://w3id.org/workflowhub/workflow-ro-crate#galaxy",
      "@type": "ComputerLanguage",
      "identifier": {
        "@id": "https://galaxyproject.org/"
      },
      "name": "Galaxy",
      "url": {
        "@id": "https://galaxyproject.org/"
      },
      "version": "23.1"
    },
    {
      "@id": "#f7db5c09-8310-4324-8875-f7c1fdd1b973",
      "@type": "Person",
      "name": "Erwan Corre"
    },
    {
      "@id": "#cc5cae1b-664e-4d75-a292-39b80bcee495",
      "@type": "Person",
      "name": "Stéphanie Robin"
    },
    {
      "@id": "#25c12272-386a-49ea-8706-7559bf2401a9",
      "@type": "Person",
      "name": "Anthony Bretaudeau"
    },
    {
      "@id": "#909b1779-3be1-4ce8-828d-2334783205d7",
      "@type": "Person",
      "name": "Alexandre Cormier"
    },
    {
      "@id": "#622dc9ee-6f12-4168-9555-d351776b0f60",
      "@type": "Person",
      "name": "Laura Leroi"
    }
  ]
}