{
  "@context": "https://w3id.org/ro/crate/1.1/context",
  "@graph": [
    {
      "@id": "ro-crate-metadata.json",
      "@type": "CreativeWork",
      "about": {
        "@id": "./"
      },
      "conformsTo": [
        {
          "@id": "https://w3id.org/ro/crate/1.1"
        },
        {
          "@id": "https://about.workflowhub.eu/Workflow-RO-Crate/"
        }
      ]
    },
    {
      "@id": "./",
      "@type": "Dataset",
      "datePublished": "2023-12-15T01:12:37.372+00:00",
      "mainEntity": {
        "@id": "main_workflow.ga"
      }
    },
    {
      "@id": "main_workflow.ga",
      "@type": [
        "File",
        "SoftwareSourceCode",
        "ComputationalWorkflow"
      ],
      "author": [
        {
          "@id": "#c8679ccd-4edd-4106-8e58-100bad2f08bd"
        },
        {
          "@id": "#2a241d6c-0d31-4bea-aa37-c2e402317941"
        },
        {
          "@id": "#b9db72a7-ec2a-49b3-84be-c52ce9e3c964"
        },
        {
          "@id": "#14ad53d3-f120-48ff-a278-6b3628fbaf25"
        },
        {
          "@id": "#274cff67-7aea-4eab-a6a9-7e5e30639329"
        }
      ],
      "license": {
        "@id": "https://spdx.org/licenses/GPL-3.0-or-later"
      },
      "name": "Genome Assembly Quality Control",
      "version": 1,
      "programmingLanguage": {
        "@id": "https://w3id.org/workflowhub/workflow-ro-crate#galaxy"
      }
    },
    {
      "@id": "https://spdx.org/licenses/GPL-3.0-or-later",
      "@type": "CreativeWork",
      "name": "GPL-3.0-or-later"
    },
    {
      "@id": "https://w3id.org/workflowhub/workflow-ro-crate#galaxy",
      "@type": "ComputerLanguage",
      "identifier": {
        "@id": "https://galaxyproject.org/"
      },
      "name": "Galaxy",
      "url": {
        "@id": "https://galaxyproject.org/"
      },
      "version": "23.1"
    },
    {
      "@id": "#c8679ccd-4edd-4106-8e58-100bad2f08bd",
      "@type": "Person",
      "name": "Erwan Corre"
    },
    {
      "@id": "#2a241d6c-0d31-4bea-aa37-c2e402317941",
      "@type": "Person",
      "name": "Stéphanie Robin"
    },
    {
      "@id": "#b9db72a7-ec2a-49b3-84be-c52ce9e3c964",
      "@type": "Person",
      "name": "Anthony Bretaudeau"
    },
    {
      "@id": "#14ad53d3-f120-48ff-a278-6b3628fbaf25",
      "@type": "Person",
      "name": "Alexandre Cormier"
    },
    {
      "@id": "#274cff67-7aea-4eab-a6a9-7e5e30639329",
      "@type": "Person",
      "name": "Laura Leroi"
    }
  ]
}