{
  "@context": "https://w3id.org/ro/crate/1.1/context",
  "@graph": [
    {
      "@id": "ro-crate-metadata.json",
      "@type": "CreativeWork",
      "about": {
        "@id": "./"
      },
      "conformsTo": [
        {
          "@id": "https://w3id.org/ro/crate/1.1"
        },
        {
          "@id": "https://about.workflowhub.eu/Workflow-RO-Crate/"
        }
      ]
    },
    {
      "@id": "./",
      "@type": "Dataset",
      "datePublished": "2023-11-23T01:10:58.581+00:00",
      "mainEntity": {
        "@id": "main_workflow.ga"
      }
    },
    {
      "@id": "main_workflow.ga",
      "@type": [
        "File",
        "SoftwareSourceCode",
        "ComputationalWorkflow"
      ],
      "author": [
        {
          "@id": "#b452190d-9410-45b2-9746-da536e1fa26f"
        },
        {
          "@id": "#6348dfb7-3e40-43c7-a92b-c64eb2dabd8e"
        },
        {
          "@id": "#fc1add4e-6bad-421a-88a0-8e71497a6c93"
        },
        {
          "@id": "#b9005bd4-ffc9-4848-92db-81a7dbe9563f"
        },
        {
          "@id": "#9f829f98-e12b-49be-97be-7e4dce36e21e"
        }
      ],
      "license": {
        "@id": "https://spdx.org/licenses/GPL-3.0-or-later"
      },
      "name": "Genome Assembly Quality Control",
      "version": 1,
      "programmingLanguage": {
        "@id": "https://w3id.org/workflowhub/workflow-ro-crate#galaxy"
      }
    },
    {
      "@id": "https://spdx.org/licenses/GPL-3.0-or-later",
      "@type": "CreativeWork",
      "name": "GPL-3.0-or-later"
    },
    {
      "@id": "https://w3id.org/workflowhub/workflow-ro-crate#galaxy",
      "@type": "ComputerLanguage",
      "identifier": {
        "@id": "https://galaxyproject.org/"
      },
      "name": "Galaxy",
      "url": {
        "@id": "https://galaxyproject.org/"
      },
      "version": "23.1"
    },
    {
      "@id": "#b452190d-9410-45b2-9746-da536e1fa26f",
      "@type": "Person",
      "name": "Erwan Corre"
    },
    {
      "@id": "#6348dfb7-3e40-43c7-a92b-c64eb2dabd8e",
      "@type": "Person",
      "name": "Stéphanie Robin"
    },
    {
      "@id": "#fc1add4e-6bad-421a-88a0-8e71497a6c93",
      "@type": "Person",
      "name": "Anthony Bretaudeau"
    },
    {
      "@id": "#b9005bd4-ffc9-4848-92db-81a7dbe9563f",
      "@type": "Person",
      "name": "Alexandre Cormier"
    },
    {
      "@id": "#9f829f98-e12b-49be-97be-7e4dce36e21e",
      "@type": "Person",
      "name": "Laura Leroi"
    }
  ]
}