{
  "@context": "https://w3id.org/ro/crate/1.1/context",
  "@graph": [
    {
      "@id": "ro-crate-metadata.json",
      "@type": "CreativeWork",
      "about": {
        "@id": "./"
      },
      "conformsTo": [
        {
          "@id": "https://w3id.org/ro/crate/1.1"
        },
        {
          "@id": "https://about.workflowhub.eu/Workflow-RO-Crate/"
        }
      ]
    },
    {
      "@id": "./",
      "@type": "Dataset",
      "datePublished": "2023-12-17T01:16:23.276+00:00",
      "mainEntity": {
        "@id": "main_workflow.ga"
      }
    },
    {
      "@id": "main_workflow.ga",
      "@type": [
        "File",
        "SoftwareSourceCode",
        "ComputationalWorkflow"
      ],
      "author": [
        {
          "@id": "#16b8af64-05e2-4e81-8a6a-c640d9652373"
        },
        {
          "@id": "#4ddfee2a-dc39-48df-af2b-9a757a16c26d"
        },
        {
          "@id": "#427f8ba1-7245-4619-a578-bceda62946ae"
        },
        {
          "@id": "#c3ed43ed-06f7-40cf-b862-4491b4203580"
        },
        {
          "@id": "#1f7bfd3c-bbcd-4eed-bdc3-e0a2763069ef"
        }
      ],
      "license": {
        "@id": "https://spdx.org/licenses/GPL-3.0-or-later"
      },
      "name": "Genome Assembly Quality Control",
      "version": 1,
      "programmingLanguage": {
        "@id": "https://w3id.org/workflowhub/workflow-ro-crate#galaxy"
      }
    },
    {
      "@id": "https://spdx.org/licenses/GPL-3.0-or-later",
      "@type": "CreativeWork",
      "name": "GPL-3.0-or-later"
    },
    {
      "@id": "https://w3id.org/workflowhub/workflow-ro-crate#galaxy",
      "@type": "ComputerLanguage",
      "identifier": {
        "@id": "https://galaxyproject.org/"
      },
      "name": "Galaxy",
      "url": {
        "@id": "https://galaxyproject.org/"
      },
      "version": "23.1"
    },
    {
      "@id": "#16b8af64-05e2-4e81-8a6a-c640d9652373",
      "@type": "Person",
      "name": "Erwan Corre"
    },
    {
      "@id": "#4ddfee2a-dc39-48df-af2b-9a757a16c26d",
      "@type": "Person",
      "name": "Stéphanie Robin"
    },
    {
      "@id": "#427f8ba1-7245-4619-a578-bceda62946ae",
      "@type": "Person",
      "name": "Anthony Bretaudeau"
    },
    {
      "@id": "#c3ed43ed-06f7-40cf-b862-4491b4203580",
      "@type": "Person",
      "name": "Alexandre Cormier"
    },
    {
      "@id": "#1f7bfd3c-bbcd-4eed-bdc3-e0a2763069ef",
      "@type": "Person",
      "name": "Laura Leroi"
    }
  ]
}