{
  "@context": "https://w3id.org/ro/crate/1.1/context",
  "@graph": [
    {
      "@id": "ro-crate-metadata.json",
      "@type": "CreativeWork",
      "about": {
        "@id": "./"
      },
      "conformsTo": [
        {
          "@id": "https://w3id.org/ro/crate/1.1"
        },
        {
          "@id": "https://about.workflowhub.eu/Workflow-RO-Crate/"
        }
      ]
    },
    {
      "@id": "./",
      "@type": "Dataset",
      "datePublished": "2024-01-21T01:18:16.344+00:00",
      "mainEntity": {
        "@id": "main_workflow.ga"
      }
    },
    {
      "@id": "main_workflow.ga",
      "@type": [
        "File",
        "SoftwareSourceCode",
        "ComputationalWorkflow"
      ],
      "author": [
        {
          "@id": "#1c7ea91e-3312-4337-9e8c-207e8b0c4222"
        },
        {
          "@id": "#e16504af-641f-4351-bc98-50c8a616d4a1"
        },
        {
          "@id": "#15967a71-ec5a-4979-bfb7-2b4d11842588"
        },
        {
          "@id": "#70794c5f-1a16-4279-afed-5ff381550501"
        },
        {
          "@id": "#00b00a68-2425-4bd0-9d5c-c4537742ef68"
        }
      ],
      "license": {
        "@id": "https://spdx.org/licenses/GPL-3.0-or-later"
      },
      "name": "Genome Assembly Quality Control",
      "version": 1,
      "programmingLanguage": {
        "@id": "https://w3id.org/workflowhub/workflow-ro-crate#galaxy"
      }
    },
    {
      "@id": "https://spdx.org/licenses/GPL-3.0-or-later",
      "@type": "CreativeWork",
      "name": "GPL-3.0-or-later"
    },
    {
      "@id": "https://w3id.org/workflowhub/workflow-ro-crate#galaxy",
      "@type": "ComputerLanguage",
      "identifier": {
        "@id": "https://galaxyproject.org/"
      },
      "name": "Galaxy",
      "url": {
        "@id": "https://galaxyproject.org/"
      },
      "version": "23.1"
    },
    {
      "@id": "#1c7ea91e-3312-4337-9e8c-207e8b0c4222",
      "@type": "Person",
      "name": "Erwan Corre"
    },
    {
      "@id": "#e16504af-641f-4351-bc98-50c8a616d4a1",
      "@type": "Person",
      "name": "Stéphanie Robin"
    },
    {
      "@id": "#15967a71-ec5a-4979-bfb7-2b4d11842588",
      "@type": "Person",
      "name": "Anthony Bretaudeau"
    },
    {
      "@id": "#70794c5f-1a16-4279-afed-5ff381550501",
      "@type": "Person",
      "name": "Alexandre Cormier"
    },
    {
      "@id": "#00b00a68-2425-4bd0-9d5c-c4537742ef68",
      "@type": "Person",
      "name": "Laura Leroi"
    }
  ]
}