{
  "@context": "https://w3id.org/ro/crate/1.1/context",
  "@graph": [
    {
      "@id": "ro-crate-metadata.json",
      "@type": "CreativeWork",
      "about": {
        "@id": "./"
      },
      "conformsTo": [
        {
          "@id": "https://w3id.org/ro/crate/1.1"
        },
        {
          "@id": "https://about.workflowhub.eu/Workflow-RO-Crate/"
        }
      ]
    },
    {
      "@id": "./",
      "@type": "Dataset",
      "datePublished": "2023-12-08T01:12:30.002+00:00",
      "mainEntity": {
        "@id": "main_workflow.ga"
      }
    },
    {
      "@id": "main_workflow.ga",
      "@type": [
        "File",
        "SoftwareSourceCode",
        "ComputationalWorkflow"
      ],
      "author": [
        {
          "@id": "#2ae78f4d-4261-444a-979b-a92939ece96b"
        },
        {
          "@id": "#87bc7a24-3133-4423-b39a-a40bf6d8b6a0"
        },
        {
          "@id": "#14013755-9b5c-43bc-bf99-36e0b4d359ee"
        },
        {
          "@id": "#bb90cb1f-c831-4865-90e1-80535cbd3923"
        },
        {
          "@id": "#fee749cb-30bc-4b91-98a4-6f62c6c19b0a"
        }
      ],
      "license": {
        "@id": "https://spdx.org/licenses/GPL-3.0-or-later"
      },
      "name": "Genome Assembly Quality Control",
      "version": 1,
      "programmingLanguage": {
        "@id": "https://w3id.org/workflowhub/workflow-ro-crate#galaxy"
      }
    },
    {
      "@id": "https://spdx.org/licenses/GPL-3.0-or-later",
      "@type": "CreativeWork",
      "name": "GPL-3.0-or-later"
    },
    {
      "@id": "https://w3id.org/workflowhub/workflow-ro-crate#galaxy",
      "@type": "ComputerLanguage",
      "identifier": {
        "@id": "https://galaxyproject.org/"
      },
      "name": "Galaxy",
      "url": {
        "@id": "https://galaxyproject.org/"
      },
      "version": "23.1"
    },
    {
      "@id": "#2ae78f4d-4261-444a-979b-a92939ece96b",
      "@type": "Person",
      "name": "Erwan Corre"
    },
    {
      "@id": "#87bc7a24-3133-4423-b39a-a40bf6d8b6a0",
      "@type": "Person",
      "name": "Stéphanie Robin"
    },
    {
      "@id": "#14013755-9b5c-43bc-bf99-36e0b4d359ee",
      "@type": "Person",
      "name": "Anthony Bretaudeau"
    },
    {
      "@id": "#bb90cb1f-c831-4865-90e1-80535cbd3923",
      "@type": "Person",
      "name": "Alexandre Cormier"
    },
    {
      "@id": "#fee749cb-30bc-4b91-98a4-6f62c6c19b0a",
      "@type": "Person",
      "name": "Laura Leroi"
    }
  ]
}