{
  "@context": "https://w3id.org/ro/crate/1.1/context",
  "@graph": [
    {
      "@id": "ro-crate-metadata.json",
      "@type": "CreativeWork",
      "about": {
        "@id": "./"
      },
      "conformsTo": [
        {
          "@id": "https://w3id.org/ro/crate/1.1"
        },
        {
          "@id": "https://about.workflowhub.eu/Workflow-RO-Crate/"
        }
      ]
    },
    {
      "@id": "./",
      "@type": "Dataset",
      "datePublished": "2024-01-12T01:13:08.662+00:00",
      "mainEntity": {
        "@id": "main_workflow.ga"
      }
    },
    {
      "@id": "main_workflow.ga",
      "@type": [
        "File",
        "SoftwareSourceCode",
        "ComputationalWorkflow"
      ],
      "author": [
        {
          "@id": "#084c984f-a7df-4617-b228-4fe734b5c2c7"
        },
        {
          "@id": "#c1aad242-0814-47bb-94f6-9d4f43a98e0d"
        },
        {
          "@id": "#0211fd7b-47cd-463b-99cc-dd68248bdc5e"
        },
        {
          "@id": "#b3a6b27e-8249-453f-b6a7-013ed072a0ce"
        },
        {
          "@id": "#cd2ec872-69ad-4403-bad2-a6909f88303d"
        }
      ],
      "license": {
        "@id": "https://spdx.org/licenses/GPL-3.0-or-later"
      },
      "name": "Genome Assembly Quality Control",
      "version": 1,
      "programmingLanguage": {
        "@id": "https://w3id.org/workflowhub/workflow-ro-crate#galaxy"
      }
    },
    {
      "@id": "https://spdx.org/licenses/GPL-3.0-or-later",
      "@type": "CreativeWork",
      "name": "GPL-3.0-or-later"
    },
    {
      "@id": "https://w3id.org/workflowhub/workflow-ro-crate#galaxy",
      "@type": "ComputerLanguage",
      "identifier": {
        "@id": "https://galaxyproject.org/"
      },
      "name": "Galaxy",
      "url": {
        "@id": "https://galaxyproject.org/"
      },
      "version": "23.1"
    },
    {
      "@id": "#084c984f-a7df-4617-b228-4fe734b5c2c7",
      "@type": "Person",
      "name": "Erwan Corre"
    },
    {
      "@id": "#c1aad242-0814-47bb-94f6-9d4f43a98e0d",
      "@type": "Person",
      "name": "Stéphanie Robin"
    },
    {
      "@id": "#0211fd7b-47cd-463b-99cc-dd68248bdc5e",
      "@type": "Person",
      "name": "Anthony Bretaudeau"
    },
    {
      "@id": "#b3a6b27e-8249-453f-b6a7-013ed072a0ce",
      "@type": "Person",
      "name": "Alexandre Cormier"
    },
    {
      "@id": "#cd2ec872-69ad-4403-bad2-a6909f88303d",
      "@type": "Person",
      "name": "Laura Leroi"
    }
  ]
}