{
  "@context": "https://w3id.org/ro/crate/1.1/context",
  "@graph": [
    {
      "@id": "ro-crate-metadata.json",
      "@type": "CreativeWork",
      "about": {
        "@id": "./"
      },
      "conformsTo": [
        {
          "@id": "https://w3id.org/ro/crate/1.1"
        },
        {
          "@id": "https://about.workflowhub.eu/Workflow-RO-Crate/"
        }
      ]
    },
    {
      "@id": "./",
      "@type": "Dataset",
      "datePublished": "2023-11-08T14:21:39.645+00:00",
      "mainEntity": {
        "@id": "main_workflow.ga"
      }
    },
    {
      "@id": "main_workflow.ga",
      "@type": [
        "File",
        "SoftwareSourceCode",
        "ComputationalWorkflow"
      ],
      "author": [
        {
          "@id": "#2e4ccd09-e874-44b4-8c3c-912df213e202"
        },
        {
          "@id": "#ec2422fc-87ba-4ec5-bab9-61bea684b5bd"
        },
        {
          "@id": "#0521639a-5d57-44bd-bdd9-e9a06fa70736"
        },
        {
          "@id": "#d02445f7-dded-464a-a8ce-85ea02105e6a"
        },
        {
          "@id": "#6bcdcc55-512a-42c0-a159-98a6b8cb2918"
        }
      ],
      "license": {
        "@id": "https://spdx.org/licenses/GPL-3.0-or-later"
      },
      "name": "Genome Assembly Quality Control",
      "version": 1,
      "programmingLanguage": {
        "@id": "https://w3id.org/workflowhub/workflow-ro-crate#galaxy"
      }
    },
    {
      "@id": "https://spdx.org/licenses/GPL-3.0-or-later",
      "@type": "CreativeWork",
      "name": "GPL-3.0-or-later"
    },
    {
      "@id": "https://w3id.org/workflowhub/workflow-ro-crate#galaxy",
      "@type": "ComputerLanguage",
      "identifier": {
        "@id": "https://galaxyproject.org/"
      },
      "name": "Galaxy",
      "url": {
        "@id": "https://galaxyproject.org/"
      },
      "version": "23.1"
    },
    {
      "@id": "#2e4ccd09-e874-44b4-8c3c-912df213e202",
      "@type": "Person",
      "name": "Erwan Corre"
    },
    {
      "@id": "#ec2422fc-87ba-4ec5-bab9-61bea684b5bd",
      "@type": "Person",
      "name": "Stéphanie Robin"
    },
    {
      "@id": "#0521639a-5d57-44bd-bdd9-e9a06fa70736",
      "@type": "Person",
      "name": "Anthony Bretaudeau"
    },
    {
      "@id": "#d02445f7-dded-464a-a8ce-85ea02105e6a",
      "@type": "Person",
      "name": "Alexandre Cormier"
    },
    {
      "@id": "#6bcdcc55-512a-42c0-a159-98a6b8cb2918",
      "@type": "Person",
      "name": "Laura Leroi"
    }
  ]
}