{
  "@context": "https://w3id.org/ro/crate/1.1/context",
  "@graph": [
    {
      "@id": "ro-crate-metadata.json",
      "@type": "CreativeWork",
      "about": {
        "@id": "./"
      },
      "conformsTo": [
        {
          "@id": "https://w3id.org/ro/crate/1.1"
        },
        {
          "@id": "https://about.workflowhub.eu/Workflow-RO-Crate/"
        }
      ]
    },
    {
      "@id": "./",
      "@type": "Dataset",
      "datePublished": "2023-12-02T01:08:02.330+00:00",
      "mainEntity": {
        "@id": "main_workflow.ga"
      }
    },
    {
      "@id": "main_workflow.ga",
      "@type": [
        "File",
        "SoftwareSourceCode",
        "ComputationalWorkflow"
      ],
      "author": [
        {
          "@id": "#3a40373c-a381-44b7-bedf-2dce27196bcc"
        },
        {
          "@id": "#5817f46d-3598-4712-bdf5-280a6b800230"
        },
        {
          "@id": "#4a94a221-e00b-4249-b27d-b2d6cb9a18fb"
        },
        {
          "@id": "#dfdb8d9d-bae1-4ded-89fb-d389be87e43b"
        },
        {
          "@id": "#8839d5b2-3c1b-4068-ac44-34ea0ed02476"
        }
      ],
      "license": {
        "@id": "https://spdx.org/licenses/GPL-3.0-or-later"
      },
      "name": "Genome Assembly Quality Control",
      "version": 1,
      "programmingLanguage": {
        "@id": "https://w3id.org/workflowhub/workflow-ro-crate#galaxy"
      }
    },
    {
      "@id": "https://spdx.org/licenses/GPL-3.0-or-later",
      "@type": "CreativeWork",
      "name": "GPL-3.0-or-later"
    },
    {
      "@id": "https://w3id.org/workflowhub/workflow-ro-crate#galaxy",
      "@type": "ComputerLanguage",
      "identifier": {
        "@id": "https://galaxyproject.org/"
      },
      "name": "Galaxy",
      "url": {
        "@id": "https://galaxyproject.org/"
      },
      "version": "23.1"
    },
    {
      "@id": "#3a40373c-a381-44b7-bedf-2dce27196bcc",
      "@type": "Person",
      "name": "Erwan Corre"
    },
    {
      "@id": "#5817f46d-3598-4712-bdf5-280a6b800230",
      "@type": "Person",
      "name": "Stéphanie Robin"
    },
    {
      "@id": "#4a94a221-e00b-4249-b27d-b2d6cb9a18fb",
      "@type": "Person",
      "name": "Anthony Bretaudeau"
    },
    {
      "@id": "#dfdb8d9d-bae1-4ded-89fb-d389be87e43b",
      "@type": "Person",
      "name": "Alexandre Cormier"
    },
    {
      "@id": "#8839d5b2-3c1b-4068-ac44-34ea0ed02476",
      "@type": "Person",
      "name": "Laura Leroi"
    }
  ]
}