{
  "@context": "https://w3id.org/ro/crate/1.1/context",
  "@graph": [
    {
      "@id": "ro-crate-metadata.json",
      "@type": "CreativeWork",
      "about": {
        "@id": "./"
      },
      "conformsTo": [
        {
          "@id": "https://w3id.org/ro/crate/1.1"
        },
        {
          "@id": "https://about.workflowhub.eu/Workflow-RO-Crate/"
        }
      ]
    },
    {
      "@id": "./",
      "@type": "Dataset",
      "datePublished": "2023-11-12T01:13:42.643+00:00",
      "mainEntity": {
        "@id": "main_workflow.ga"
      }
    },
    {
      "@id": "main_workflow.ga",
      "@type": [
        "File",
        "SoftwareSourceCode",
        "ComputationalWorkflow"
      ],
      "author": [
        {
          "@id": "#8c63221a-18f2-421f-9075-77714f5644d2"
        },
        {
          "@id": "#640c08c7-76bd-4832-9e26-c46c4ade2559"
        },
        {
          "@id": "#55010615-f613-4437-b545-e193d99f1059"
        },
        {
          "@id": "#486bfdf4-6fb0-40c2-bc3d-5daab6501c4d"
        },
        {
          "@id": "#ae3ee3b5-df84-4a83-8fd9-efb5580f051a"
        }
      ],
      "license": {
        "@id": "https://spdx.org/licenses/GPL-3.0-or-later"
      },
      "name": "Genome Assembly Quality Control",
      "version": 1,
      "programmingLanguage": {
        "@id": "https://w3id.org/workflowhub/workflow-ro-crate#galaxy"
      }
    },
    {
      "@id": "https://spdx.org/licenses/GPL-3.0-or-later",
      "@type": "CreativeWork",
      "name": "GPL-3.0-or-later"
    },
    {
      "@id": "https://w3id.org/workflowhub/workflow-ro-crate#galaxy",
      "@type": "ComputerLanguage",
      "identifier": {
        "@id": "https://galaxyproject.org/"
      },
      "name": "Galaxy",
      "url": {
        "@id": "https://galaxyproject.org/"
      },
      "version": "23.1"
    },
    {
      "@id": "#8c63221a-18f2-421f-9075-77714f5644d2",
      "@type": "Person",
      "name": "Erwan Corre"
    },
    {
      "@id": "#640c08c7-76bd-4832-9e26-c46c4ade2559",
      "@type": "Person",
      "name": "Stéphanie Robin"
    },
    {
      "@id": "#55010615-f613-4437-b545-e193d99f1059",
      "@type": "Person",
      "name": "Anthony Bretaudeau"
    },
    {
      "@id": "#486bfdf4-6fb0-40c2-bc3d-5daab6501c4d",
      "@type": "Person",
      "name": "Alexandre Cormier"
    },
    {
      "@id": "#ae3ee3b5-df84-4a83-8fd9-efb5580f051a",
      "@type": "Person",
      "name": "Laura Leroi"
    }
  ]
}