{
  "@context": "https://w3id.org/ro/crate/1.1/context",
  "@graph": [
    {
      "@id": "ro-crate-metadata.json",
      "@type": "CreativeWork",
      "about": {
        "@id": "./"
      },
      "conformsTo": [
        {
          "@id": "https://w3id.org/ro/crate/1.1"
        },
        {
          "@id": "https://about.workflowhub.eu/Workflow-RO-Crate/"
        }
      ]
    },
    {
      "@id": "./",
      "@type": "Dataset",
      "datePublished": "2023-11-26T01:14:43.678+00:00",
      "mainEntity": {
        "@id": "main_workflow.ga"
      }
    },
    {
      "@id": "main_workflow.ga",
      "@type": [
        "File",
        "SoftwareSourceCode",
        "ComputationalWorkflow"
      ],
      "author": [
        {
          "@id": "#cef9dbc9-de79-43ab-9fc5-071c23e72308"
        },
        {
          "@id": "#b319d17e-7ca1-455b-b840-4eeb908eb463"
        },
        {
          "@id": "#020951d7-2c28-475b-8d19-a404b54ae1e7"
        },
        {
          "@id": "#186027cc-7bf1-4124-bc37-64c49b5adedb"
        },
        {
          "@id": "#b1faafc5-b3d8-4286-b265-b837e011dcb8"
        }
      ],
      "license": {
        "@id": "https://spdx.org/licenses/GPL-3.0-or-later"
      },
      "name": "Genome Assembly Quality Control",
      "version": 1,
      "programmingLanguage": {
        "@id": "https://w3id.org/workflowhub/workflow-ro-crate#galaxy"
      }
    },
    {
      "@id": "https://spdx.org/licenses/GPL-3.0-or-later",
      "@type": "CreativeWork",
      "name": "GPL-3.0-or-later"
    },
    {
      "@id": "https://w3id.org/workflowhub/workflow-ro-crate#galaxy",
      "@type": "ComputerLanguage",
      "identifier": {
        "@id": "https://galaxyproject.org/"
      },
      "name": "Galaxy",
      "url": {
        "@id": "https://galaxyproject.org/"
      },
      "version": "23.1"
    },
    {
      "@id": "#cef9dbc9-de79-43ab-9fc5-071c23e72308",
      "@type": "Person",
      "name": "Erwan Corre"
    },
    {
      "@id": "#b319d17e-7ca1-455b-b840-4eeb908eb463",
      "@type": "Person",
      "name": "Stéphanie Robin"
    },
    {
      "@id": "#020951d7-2c28-475b-8d19-a404b54ae1e7",
      "@type": "Person",
      "name": "Anthony Bretaudeau"
    },
    {
      "@id": "#186027cc-7bf1-4124-bc37-64c49b5adedb",
      "@type": "Person",
      "name": "Alexandre Cormier"
    },
    {
      "@id": "#b1faafc5-b3d8-4286-b265-b837e011dcb8",
      "@type": "Person",
      "name": "Laura Leroi"
    }
  ]
}