{
  "@context": "https://w3id.org/ro/crate/1.1/context",
  "@graph": [
    {
      "@id": "ro-crate-metadata.json",
      "@type": "CreativeWork",
      "about": {
        "@id": "./"
      },
      "conformsTo": [
        {
          "@id": "https://w3id.org/ro/crate/1.1"
        },
        {
          "@id": "https://about.workflowhub.eu/Workflow-RO-Crate/"
        }
      ]
    },
    {
      "@id": "./",
      "@type": "Dataset",
      "datePublished": "2023-12-13T01:11:55.788+00:00",
      "mainEntity": {
        "@id": "main_workflow.ga"
      }
    },
    {
      "@id": "main_workflow.ga",
      "@type": [
        "File",
        "SoftwareSourceCode",
        "ComputationalWorkflow"
      ],
      "author": [
        {
          "@id": "#07ffb591-4cb5-40a2-80b0-18b9ca373540"
        },
        {
          "@id": "#6270dbc3-c307-4532-8fe4-3c95e7d16154"
        },
        {
          "@id": "#2eaf70e8-3ec9-45b4-89f7-7cf28d3fb8ef"
        },
        {
          "@id": "#1dd9dad6-14d2-4826-a291-3136cc2be672"
        },
        {
          "@id": "#a2c1c39d-cbd9-4e3e-b7ad-77770f79ed5c"
        }
      ],
      "license": {
        "@id": "https://spdx.org/licenses/GPL-3.0-or-later"
      },
      "name": "Genome Assembly Quality Control",
      "version": 1,
      "programmingLanguage": {
        "@id": "https://w3id.org/workflowhub/workflow-ro-crate#galaxy"
      }
    },
    {
      "@id": "https://spdx.org/licenses/GPL-3.0-or-later",
      "@type": "CreativeWork",
      "name": "GPL-3.0-or-later"
    },
    {
      "@id": "https://w3id.org/workflowhub/workflow-ro-crate#galaxy",
      "@type": "ComputerLanguage",
      "identifier": {
        "@id": "https://galaxyproject.org/"
      },
      "name": "Galaxy",
      "url": {
        "@id": "https://galaxyproject.org/"
      },
      "version": "23.1"
    },
    {
      "@id": "#07ffb591-4cb5-40a2-80b0-18b9ca373540",
      "@type": "Person",
      "name": "Erwan Corre"
    },
    {
      "@id": "#6270dbc3-c307-4532-8fe4-3c95e7d16154",
      "@type": "Person",
      "name": "Stéphanie Robin"
    },
    {
      "@id": "#2eaf70e8-3ec9-45b4-89f7-7cf28d3fb8ef",
      "@type": "Person",
      "name": "Anthony Bretaudeau"
    },
    {
      "@id": "#1dd9dad6-14d2-4826-a291-3136cc2be672",
      "@type": "Person",
      "name": "Alexandre Cormier"
    },
    {
      "@id": "#a2c1c39d-cbd9-4e3e-b7ad-77770f79ed5c",
      "@type": "Person",
      "name": "Laura Leroi"
    }
  ]
}