{
  "@context": "https://w3id.org/ro/crate/1.1/context",
  "@graph": [
    {
      "@id": "ro-crate-metadata.json",
      "@type": "CreativeWork",
      "about": {
        "@id": "./"
      },
      "conformsTo": [
        {
          "@id": "https://w3id.org/ro/crate/1.1"
        },
        {
          "@id": "https://about.workflowhub.eu/Workflow-RO-Crate/"
        }
      ]
    },
    {
      "@id": "./",
      "@type": "Dataset",
      "datePublished": "2024-01-10T01:13:46.670+00:00",
      "mainEntity": {
        "@id": "main_workflow.ga"
      }
    },
    {
      "@id": "main_workflow.ga",
      "@type": [
        "File",
        "SoftwareSourceCode",
        "ComputationalWorkflow"
      ],
      "author": [
        {
          "@id": "#2874aee7-d432-4d5a-9b8e-969fc2236b62"
        },
        {
          "@id": "#77cbc47b-a175-47fd-8d55-63209f1d6816"
        },
        {
          "@id": "#262c72a7-1cd5-4172-ba28-1c6c059ac1e5"
        },
        {
          "@id": "#4744ee32-2309-42ce-8363-213f3131dff9"
        },
        {
          "@id": "#aefe7cb1-4b28-49a9-a8a9-0e4795aed35e"
        }
      ],
      "license": {
        "@id": "https://spdx.org/licenses/GPL-3.0-or-later"
      },
      "name": "Genome Assembly Quality Control",
      "version": 1,
      "programmingLanguage": {
        "@id": "https://w3id.org/workflowhub/workflow-ro-crate#galaxy"
      }
    },
    {
      "@id": "https://spdx.org/licenses/GPL-3.0-or-later",
      "@type": "CreativeWork",
      "name": "GPL-3.0-or-later"
    },
    {
      "@id": "https://w3id.org/workflowhub/workflow-ro-crate#galaxy",
      "@type": "ComputerLanguage",
      "identifier": {
        "@id": "https://galaxyproject.org/"
      },
      "name": "Galaxy",
      "url": {
        "@id": "https://galaxyproject.org/"
      },
      "version": "23.1"
    },
    {
      "@id": "#2874aee7-d432-4d5a-9b8e-969fc2236b62",
      "@type": "Person",
      "name": "Erwan Corre"
    },
    {
      "@id": "#77cbc47b-a175-47fd-8d55-63209f1d6816",
      "@type": "Person",
      "name": "Stéphanie Robin"
    },
    {
      "@id": "#262c72a7-1cd5-4172-ba28-1c6c059ac1e5",
      "@type": "Person",
      "name": "Anthony Bretaudeau"
    },
    {
      "@id": "#4744ee32-2309-42ce-8363-213f3131dff9",
      "@type": "Person",
      "name": "Alexandre Cormier"
    },
    {
      "@id": "#aefe7cb1-4b28-49a9-a8a9-0e4795aed35e",
      "@type": "Person",
      "name": "Laura Leroi"
    }
  ]
}