{
  "@context": "https://w3id.org/ro/crate/1.1/context",
  "@graph": [
    {
      "@id": "ro-crate-metadata.json",
      "@type": "CreativeWork",
      "about": {
        "@id": "./"
      },
      "conformsTo": [
        {
          "@id": "https://w3id.org/ro/crate/1.1"
        },
        {
          "@id": "https://about.workflowhub.eu/Workflow-RO-Crate/"
        }
      ]
    },
    {
      "@id": "./",
      "@type": "Dataset",
      "datePublished": "2023-11-15T01:10:33.981+00:00",
      "mainEntity": {
        "@id": "main_workflow.ga"
      }
    },
    {
      "@id": "main_workflow.ga",
      "@type": [
        "File",
        "SoftwareSourceCode",
        "ComputationalWorkflow"
      ],
      "author": [
        {
          "@id": "#161a9f37-7a92-4cc8-92b7-fda4c2c292e5"
        },
        {
          "@id": "#67f416c7-f8b9-484f-9fd4-c2b8d0e8d3cc"
        },
        {
          "@id": "#1e9a90d2-3fd3-41f1-8fca-c40890128ea3"
        },
        {
          "@id": "#a4b1c798-7d32-49d8-9c1f-79637e235abb"
        },
        {
          "@id": "#28fefb60-02de-4a05-9e3c-195337e6cdbe"
        }
      ],
      "license": {
        "@id": "https://spdx.org/licenses/GPL-3.0-or-later"
      },
      "name": "Genome Assembly Quality Control",
      "version": 1,
      "programmingLanguage": {
        "@id": "https://w3id.org/workflowhub/workflow-ro-crate#galaxy"
      }
    },
    {
      "@id": "https://spdx.org/licenses/GPL-3.0-or-later",
      "@type": "CreativeWork",
      "name": "GPL-3.0-or-later"
    },
    {
      "@id": "https://w3id.org/workflowhub/workflow-ro-crate#galaxy",
      "@type": "ComputerLanguage",
      "identifier": {
        "@id": "https://galaxyproject.org/"
      },
      "name": "Galaxy",
      "url": {
        "@id": "https://galaxyproject.org/"
      },
      "version": "23.1"
    },
    {
      "@id": "#161a9f37-7a92-4cc8-92b7-fda4c2c292e5",
      "@type": "Person",
      "name": "Erwan Corre"
    },
    {
      "@id": "#67f416c7-f8b9-484f-9fd4-c2b8d0e8d3cc",
      "@type": "Person",
      "name": "Stéphanie Robin"
    },
    {
      "@id": "#1e9a90d2-3fd3-41f1-8fca-c40890128ea3",
      "@type": "Person",
      "name": "Anthony Bretaudeau"
    },
    {
      "@id": "#a4b1c798-7d32-49d8-9c1f-79637e235abb",
      "@type": "Person",
      "name": "Alexandre Cormier"
    },
    {
      "@id": "#28fefb60-02de-4a05-9e3c-195337e6cdbe",
      "@type": "Person",
      "name": "Laura Leroi"
    }
  ]
}