{
  "@context": "https://w3id.org/ro/crate/1.1/context",
  "@graph": [
    {
      "@id": "ro-crate-metadata.json",
      "@type": "CreativeWork",
      "about": {
        "@id": "./"
      },
      "conformsTo": [
        {
          "@id": "https://w3id.org/ro/crate/1.1"
        },
        {
          "@id": "https://about.workflowhub.eu/Workflow-RO-Crate/"
        }
      ]
    },
    {
      "@id": "./",
      "@type": "Dataset",
      "datePublished": "2023-12-03T01:14:50.116+00:00",
      "mainEntity": {
        "@id": "main_workflow.ga"
      }
    },
    {
      "@id": "main_workflow.ga",
      "@type": [
        "File",
        "SoftwareSourceCode",
        "ComputationalWorkflow"
      ],
      "author": [
        {
          "@id": "#5ee84104-896c-43c0-9e4e-aec77d214db6"
        },
        {
          "@id": "#213db467-455f-46b9-b800-0204ca850fd8"
        },
        {
          "@id": "#89aa31bb-2331-4fdf-a986-42165dee5d90"
        },
        {
          "@id": "#5b188e5e-c4b8-45fb-aecc-4e76daa0aceb"
        },
        {
          "@id": "#5effc030-efc5-457d-92ae-7241cb4ca7e9"
        }
      ],
      "license": {
        "@id": "https://spdx.org/licenses/GPL-3.0-or-later"
      },
      "name": "Genome Assembly Quality Control",
      "version": 1,
      "programmingLanguage": {
        "@id": "https://w3id.org/workflowhub/workflow-ro-crate#galaxy"
      }
    },
    {
      "@id": "https://spdx.org/licenses/GPL-3.0-or-later",
      "@type": "CreativeWork",
      "name": "GPL-3.0-or-later"
    },
    {
      "@id": "https://w3id.org/workflowhub/workflow-ro-crate#galaxy",
      "@type": "ComputerLanguage",
      "identifier": {
        "@id": "https://galaxyproject.org/"
      },
      "name": "Galaxy",
      "url": {
        "@id": "https://galaxyproject.org/"
      },
      "version": "23.1"
    },
    {
      "@id": "#5ee84104-896c-43c0-9e4e-aec77d214db6",
      "@type": "Person",
      "name": "Erwan Corre"
    },
    {
      "@id": "#213db467-455f-46b9-b800-0204ca850fd8",
      "@type": "Person",
      "name": "Stéphanie Robin"
    },
    {
      "@id": "#89aa31bb-2331-4fdf-a986-42165dee5d90",
      "@type": "Person",
      "name": "Anthony Bretaudeau"
    },
    {
      "@id": "#5b188e5e-c4b8-45fb-aecc-4e76daa0aceb",
      "@type": "Person",
      "name": "Alexandre Cormier"
    },
    {
      "@id": "#5effc030-efc5-457d-92ae-7241cb4ca7e9",
      "@type": "Person",
      "name": "Laura Leroi"
    }
  ]
}