{
  "@context": "https://w3id.org/ro/crate/1.1/context",
  "@graph": [
    {
      "@id": "ro-crate-metadata.json",
      "@type": "CreativeWork",
      "about": {
        "@id": "./"
      },
      "conformsTo": [
        {
          "@id": "https://w3id.org/ro/crate/1.1"
        },
        {
          "@id": "https://about.workflowhub.eu/Workflow-RO-Crate/"
        }
      ]
    },
    {
      "@id": "./",
      "@type": "Dataset",
      "datePublished": "2023-12-29T01:00:10.825+00:00",
      "mainEntity": {
        "@id": "main_workflow.ga"
      }
    },
    {
      "@id": "main_workflow.ga",
      "@type": [
        "File",
        "SoftwareSourceCode",
        "ComputationalWorkflow"
      ],
      "author": [
        {
          "@id": "#83e1b061-7cdb-488a-960f-678d515cdb21"
        },
        {
          "@id": "#2504032a-3a65-4926-9feb-a0ff4f92d3de"
        },
        {
          "@id": "#ae08c590-c225-4280-a890-b8f6f90ab21b"
        },
        {
          "@id": "#031a8764-a553-4b24-a8f8-c782a68b5a85"
        },
        {
          "@id": "#a94f2dea-e637-4e04-baba-1883ebc7e25c"
        }
      ],
      "license": {
        "@id": "https://spdx.org/licenses/GPL-3.0-or-later"
      },
      "name": "Genome Assembly Quality Control",
      "version": 1,
      "programmingLanguage": {
        "@id": "https://w3id.org/workflowhub/workflow-ro-crate#galaxy"
      }
    },
    {
      "@id": "https://spdx.org/licenses/GPL-3.0-or-later",
      "@type": "CreativeWork",
      "name": "GPL-3.0-or-later"
    },
    {
      "@id": "https://w3id.org/workflowhub/workflow-ro-crate#galaxy",
      "@type": "ComputerLanguage",
      "identifier": {
        "@id": "https://galaxyproject.org/"
      },
      "name": "Galaxy",
      "url": {
        "@id": "https://galaxyproject.org/"
      },
      "version": "23.1"
    },
    {
      "@id": "#83e1b061-7cdb-488a-960f-678d515cdb21",
      "@type": "Person",
      "name": "Erwan Corre"
    },
    {
      "@id": "#2504032a-3a65-4926-9feb-a0ff4f92d3de",
      "@type": "Person",
      "name": "Stéphanie Robin"
    },
    {
      "@id": "#ae08c590-c225-4280-a890-b8f6f90ab21b",
      "@type": "Person",
      "name": "Anthony Bretaudeau"
    },
    {
      "@id": "#031a8764-a553-4b24-a8f8-c782a68b5a85",
      "@type": "Person",
      "name": "Alexandre Cormier"
    },
    {
      "@id": "#a94f2dea-e637-4e04-baba-1883ebc7e25c",
      "@type": "Person",
      "name": "Laura Leroi"
    }
  ]
}