{
  "@context": "https://w3id.org/ro/crate/1.1/context",
  "@graph": [
    {
      "@id": "ro-crate-metadata.json",
      "@type": "CreativeWork",
      "about": {
        "@id": "./"
      },
      "conformsTo": [
        {
          "@id": "https://w3id.org/ro/crate/1.1"
        },
        {
          "@id": "https://about.workflowhub.eu/Workflow-RO-Crate/"
        }
      ]
    },
    {
      "@id": "./",
      "@type": "Dataset",
      "datePublished": "2023-12-14T01:10:56.672+00:00",
      "mainEntity": {
        "@id": "main_workflow.ga"
      }
    },
    {
      "@id": "main_workflow.ga",
      "@type": [
        "File",
        "SoftwareSourceCode",
        "ComputationalWorkflow"
      ],
      "author": [
        {
          "@id": "#c4933a42-e79a-45c6-9b1e-ef4085b2566e"
        },
        {
          "@id": "#757fd1f6-3613-4d38-9119-028223ce0663"
        },
        {
          "@id": "#06cf46fb-73fc-46d2-a546-ded737b451b0"
        },
        {
          "@id": "#cab4c5b8-0c29-479e-beec-03c158911385"
        },
        {
          "@id": "#5a276c09-b850-4b7e-a333-3eb3b5e355ab"
        }
      ],
      "license": {
        "@id": "https://spdx.org/licenses/GPL-3.0-or-later"
      },
      "name": "Genome Assembly Quality Control",
      "version": 1,
      "programmingLanguage": {
        "@id": "https://w3id.org/workflowhub/workflow-ro-crate#galaxy"
      }
    },
    {
      "@id": "https://spdx.org/licenses/GPL-3.0-or-later",
      "@type": "CreativeWork",
      "name": "GPL-3.0-or-later"
    },
    {
      "@id": "https://w3id.org/workflowhub/workflow-ro-crate#galaxy",
      "@type": "ComputerLanguage",
      "identifier": {
        "@id": "https://galaxyproject.org/"
      },
      "name": "Galaxy",
      "url": {
        "@id": "https://galaxyproject.org/"
      },
      "version": "23.1"
    },
    {
      "@id": "#c4933a42-e79a-45c6-9b1e-ef4085b2566e",
      "@type": "Person",
      "name": "Erwan Corre"
    },
    {
      "@id": "#757fd1f6-3613-4d38-9119-028223ce0663",
      "@type": "Person",
      "name": "Stéphanie Robin"
    },
    {
      "@id": "#06cf46fb-73fc-46d2-a546-ded737b451b0",
      "@type": "Person",
      "name": "Anthony Bretaudeau"
    },
    {
      "@id": "#cab4c5b8-0c29-479e-beec-03c158911385",
      "@type": "Person",
      "name": "Alexandre Cormier"
    },
    {
      "@id": "#5a276c09-b850-4b7e-a333-3eb3b5e355ab",
      "@type": "Person",
      "name": "Laura Leroi"
    }
  ]
}