{
  "@context": "https://w3id.org/ro/crate/1.1/context",
  "@graph": [
    {
      "@id": "ro-crate-metadata.json",
      "@type": "CreativeWork",
      "about": {
        "@id": "./"
      },
      "conformsTo": [
        {
          "@id": "https://w3id.org/ro/crate/1.1"
        },
        {
          "@id": "https://about.workflowhub.eu/Workflow-RO-Crate/"
        }
      ]
    },
    {
      "@id": "./",
      "@type": "Dataset",
      "datePublished": "2024-01-13T01:12:02.778+00:00",
      "mainEntity": {
        "@id": "main_workflow.ga"
      }
    },
    {
      "@id": "main_workflow.ga",
      "@type": [
        "File",
        "SoftwareSourceCode",
        "ComputationalWorkflow"
      ],
      "author": [
        {
          "@id": "#fd903d5b-cd62-4078-85ff-a8b81b2bffde"
        },
        {
          "@id": "#80216392-c1d6-455c-91d9-ec728f1c9b44"
        },
        {
          "@id": "#d0d309cf-06f0-48e6-b9a5-89d1ed2d586b"
        },
        {
          "@id": "#3f5957d8-b4a3-4f37-87f6-9c7514d04048"
        },
        {
          "@id": "#7a1cce58-9fae-4130-834a-ccf2916032b9"
        }
      ],
      "license": {
        "@id": "https://spdx.org/licenses/GPL-3.0-or-later"
      },
      "name": "Genome Assembly Quality Control",
      "version": 1,
      "programmingLanguage": {
        "@id": "https://w3id.org/workflowhub/workflow-ro-crate#galaxy"
      }
    },
    {
      "@id": "https://spdx.org/licenses/GPL-3.0-or-later",
      "@type": "CreativeWork",
      "name": "GPL-3.0-or-later"
    },
    {
      "@id": "https://w3id.org/workflowhub/workflow-ro-crate#galaxy",
      "@type": "ComputerLanguage",
      "identifier": {
        "@id": "https://galaxyproject.org/"
      },
      "name": "Galaxy",
      "url": {
        "@id": "https://galaxyproject.org/"
      },
      "version": "23.1"
    },
    {
      "@id": "#fd903d5b-cd62-4078-85ff-a8b81b2bffde",
      "@type": "Person",
      "name": "Erwan Corre"
    },
    {
      "@id": "#80216392-c1d6-455c-91d9-ec728f1c9b44",
      "@type": "Person",
      "name": "Stéphanie Robin"
    },
    {
      "@id": "#d0d309cf-06f0-48e6-b9a5-89d1ed2d586b",
      "@type": "Person",
      "name": "Anthony Bretaudeau"
    },
    {
      "@id": "#3f5957d8-b4a3-4f37-87f6-9c7514d04048",
      "@type": "Person",
      "name": "Alexandre Cormier"
    },
    {
      "@id": "#7a1cce58-9fae-4130-834a-ccf2916032b9",
      "@type": "Person",
      "name": "Laura Leroi"
    }
  ]
}