{
  "@context": "https://w3id.org/ro/crate/1.1/context",
  "@graph": [
    {
      "@id": "ro-crate-metadata.json",
      "@type": "CreativeWork",
      "about": {
        "@id": "./"
      },
      "conformsTo": [
        {
          "@id": "https://w3id.org/ro/crate/1.1"
        },
        {
          "@id": "https://about.workflowhub.eu/Workflow-RO-Crate/"
        }
      ]
    },
    {
      "@id": "./",
      "@type": "Dataset",
      "datePublished": "2023-12-18T01:12:29.235+00:00",
      "mainEntity": {
        "@id": "main_workflow.ga"
      }
    },
    {
      "@id": "main_workflow.ga",
      "@type": [
        "File",
        "SoftwareSourceCode",
        "ComputationalWorkflow"
      ],
      "author": [
        {
          "@id": "#3cb513e6-2e88-4736-96f9-37f252c11033"
        },
        {
          "@id": "#f5b4cf34-bc74-49c5-ad3a-3b9b383ea1ec"
        },
        {
          "@id": "#94e13ebe-d0b2-4658-b39e-da94d58ec214"
        },
        {
          "@id": "#0adedde6-9d79-431e-a19b-608afcad435d"
        },
        {
          "@id": "#1fe91583-0ee3-4d31-add0-72e18b2b415c"
        }
      ],
      "license": {
        "@id": "https://spdx.org/licenses/GPL-3.0-or-later"
      },
      "name": "Genome Assembly Quality Control",
      "version": 1,
      "programmingLanguage": {
        "@id": "https://w3id.org/workflowhub/workflow-ro-crate#galaxy"
      }
    },
    {
      "@id": "https://spdx.org/licenses/GPL-3.0-or-later",
      "@type": "CreativeWork",
      "name": "GPL-3.0-or-later"
    },
    {
      "@id": "https://w3id.org/workflowhub/workflow-ro-crate#galaxy",
      "@type": "ComputerLanguage",
      "identifier": {
        "@id": "https://galaxyproject.org/"
      },
      "name": "Galaxy",
      "url": {
        "@id": "https://galaxyproject.org/"
      },
      "version": "23.1"
    },
    {
      "@id": "#3cb513e6-2e88-4736-96f9-37f252c11033",
      "@type": "Person",
      "name": "Erwan Corre"
    },
    {
      "@id": "#f5b4cf34-bc74-49c5-ad3a-3b9b383ea1ec",
      "@type": "Person",
      "name": "Stéphanie Robin"
    },
    {
      "@id": "#94e13ebe-d0b2-4658-b39e-da94d58ec214",
      "@type": "Person",
      "name": "Anthony Bretaudeau"
    },
    {
      "@id": "#0adedde6-9d79-431e-a19b-608afcad435d",
      "@type": "Person",
      "name": "Alexandre Cormier"
    },
    {
      "@id": "#1fe91583-0ee3-4d31-add0-72e18b2b415c",
      "@type": "Person",
      "name": "Laura Leroi"
    }
  ]
}