{
  "@context": "https://w3id.org/ro/crate/1.1/context",
  "@graph": [
    {
      "@id": "ro-crate-metadata.json",
      "@type": "CreativeWork",
      "about": {
        "@id": "./"
      },
      "conformsTo": [
        {
          "@id": "https://w3id.org/ro/crate/1.1"
        },
        {
          "@id": "https://about.workflowhub.eu/Workflow-RO-Crate/"
        }
      ]
    },
    {
      "@id": "./",
      "@type": "Dataset",
      "datePublished": "2023-11-16T01:13:13.096+00:00",
      "mainEntity": {
        "@id": "main_workflow.ga"
      }
    },
    {
      "@id": "main_workflow.ga",
      "@type": [
        "File",
        "SoftwareSourceCode",
        "ComputationalWorkflow"
      ],
      "author": [
        {
          "@id": "#3d2e2371-d56b-46cb-9673-aaff8bbeb03a"
        },
        {
          "@id": "#5eada5ae-2273-442a-813a-1d0ae9e7dac0"
        },
        {
          "@id": "#4782b531-3e30-411a-8591-2b87c7839401"
        },
        {
          "@id": "#3681e86a-0894-4bd1-8b1d-0a5a0674e279"
        },
        {
          "@id": "#02053228-3dda-4236-8b40-45dd448482e3"
        }
      ],
      "license": {
        "@id": "https://spdx.org/licenses/GPL-3.0-or-later"
      },
      "name": "Genome Assembly Quality Control",
      "version": 1,
      "programmingLanguage": {
        "@id": "https://w3id.org/workflowhub/workflow-ro-crate#galaxy"
      }
    },
    {
      "@id": "https://spdx.org/licenses/GPL-3.0-or-later",
      "@type": "CreativeWork",
      "name": "GPL-3.0-or-later"
    },
    {
      "@id": "https://w3id.org/workflowhub/workflow-ro-crate#galaxy",
      "@type": "ComputerLanguage",
      "identifier": {
        "@id": "https://galaxyproject.org/"
      },
      "name": "Galaxy",
      "url": {
        "@id": "https://galaxyproject.org/"
      },
      "version": "23.1"
    },
    {
      "@id": "#3d2e2371-d56b-46cb-9673-aaff8bbeb03a",
      "@type": "Person",
      "name": "Erwan Corre"
    },
    {
      "@id": "#5eada5ae-2273-442a-813a-1d0ae9e7dac0",
      "@type": "Person",
      "name": "Stéphanie Robin"
    },
    {
      "@id": "#4782b531-3e30-411a-8591-2b87c7839401",
      "@type": "Person",
      "name": "Anthony Bretaudeau"
    },
    {
      "@id": "#3681e86a-0894-4bd1-8b1d-0a5a0674e279",
      "@type": "Person",
      "name": "Alexandre Cormier"
    },
    {
      "@id": "#02053228-3dda-4236-8b40-45dd448482e3",
      "@type": "Person",
      "name": "Laura Leroi"
    }
  ]
}