{
  "@context": "https://w3id.org/ro/crate/1.1/context",
  "@graph": [
    {
      "@id": "ro-crate-metadata.json",
      "@type": "CreativeWork",
      "about": {
        "@id": "./"
      },
      "conformsTo": [
        {
          "@id": "https://w3id.org/ro/crate/1.1"
        },
        {
          "@id": "https://about.workflowhub.eu/Workflow-RO-Crate/"
        }
      ]
    },
    {
      "@id": "./",
      "@type": "Dataset",
      "datePublished": "2024-01-04T01:11:12.527+00:00",
      "mainEntity": {
        "@id": "main_workflow.ga"
      }
    },
    {
      "@id": "main_workflow.ga",
      "@type": [
        "File",
        "SoftwareSourceCode",
        "ComputationalWorkflow"
      ],
      "author": [
        {
          "@id": "#f76948b2-2c96-4909-afb6-c73d33a2af21"
        },
        {
          "@id": "#b6db7ae2-a98a-4930-802c-39b85cd6cccb"
        },
        {
          "@id": "#90d44d9a-b143-42da-9cc2-d99c2bb3efe8"
        },
        {
          "@id": "#765bf606-78df-4578-a5da-699afe0d850c"
        },
        {
          "@id": "#cdfd356f-e097-49a2-8ed3-6a166689f329"
        }
      ],
      "license": {
        "@id": "https://spdx.org/licenses/GPL-3.0-or-later"
      },
      "name": "Genome Assembly Quality Control",
      "version": 1,
      "programmingLanguage": {
        "@id": "https://w3id.org/workflowhub/workflow-ro-crate#galaxy"
      }
    },
    {
      "@id": "https://spdx.org/licenses/GPL-3.0-or-later",
      "@type": "CreativeWork",
      "name": "GPL-3.0-or-later"
    },
    {
      "@id": "https://w3id.org/workflowhub/workflow-ro-crate#galaxy",
      "@type": "ComputerLanguage",
      "identifier": {
        "@id": "https://galaxyproject.org/"
      },
      "name": "Galaxy",
      "url": {
        "@id": "https://galaxyproject.org/"
      },
      "version": "23.1"
    },
    {
      "@id": "#f76948b2-2c96-4909-afb6-c73d33a2af21",
      "@type": "Person",
      "name": "Erwan Corre"
    },
    {
      "@id": "#b6db7ae2-a98a-4930-802c-39b85cd6cccb",
      "@type": "Person",
      "name": "Stéphanie Robin"
    },
    {
      "@id": "#90d44d9a-b143-42da-9cc2-d99c2bb3efe8",
      "@type": "Person",
      "name": "Anthony Bretaudeau"
    },
    {
      "@id": "#765bf606-78df-4578-a5da-699afe0d850c",
      "@type": "Person",
      "name": "Alexandre Cormier"
    },
    {
      "@id": "#cdfd356f-e097-49a2-8ed3-6a166689f329",
      "@type": "Person",
      "name": "Laura Leroi"
    }
  ]
}