{
  "@context": "https://w3id.org/ro/crate/1.1/context",
  "@graph": [
    {
      "@id": "ro-crate-metadata.json",
      "@type": "CreativeWork",
      "about": {
        "@id": "./"
      },
      "conformsTo": [
        {
          "@id": "https://w3id.org/ro/crate/1.1"
        },
        {
          "@id": "https://about.workflowhub.eu/Workflow-RO-Crate/"
        }
      ]
    },
    {
      "@id": "./",
      "@type": "Dataset",
      "datePublished": "2023-11-09T01:09:51.251+00:00",
      "mainEntity": {
        "@id": "main_workflow.ga"
      }
    },
    {
      "@id": "main_workflow.ga",
      "@type": [
        "File",
        "SoftwareSourceCode",
        "ComputationalWorkflow"
      ],
      "author": [
        {
          "@id": "#c22dab3a-0a9c-4989-ba07-ee20bd0f2fc9"
        },
        {
          "@id": "#e8244119-bbd0-4f1a-b7b7-845b32a66b34"
        },
        {
          "@id": "#b3e5eca0-3532-4c4e-9a1f-19dcd268c3fb"
        },
        {
          "@id": "#4171274a-c65c-4358-8490-339d5d7b7538"
        },
        {
          "@id": "#02964d46-d59e-44d6-a2c5-354561fce2b1"
        }
      ],
      "license": {
        "@id": "https://spdx.org/licenses/GPL-3.0-or-later"
      },
      "name": "Genome Assembly Quality Control",
      "version": 1,
      "programmingLanguage": {
        "@id": "https://w3id.org/workflowhub/workflow-ro-crate#galaxy"
      }
    },
    {
      "@id": "https://spdx.org/licenses/GPL-3.0-or-later",
      "@type": "CreativeWork",
      "name": "GPL-3.0-or-later"
    },
    {
      "@id": "https://w3id.org/workflowhub/workflow-ro-crate#galaxy",
      "@type": "ComputerLanguage",
      "identifier": {
        "@id": "https://galaxyproject.org/"
      },
      "name": "Galaxy",
      "url": {
        "@id": "https://galaxyproject.org/"
      },
      "version": "23.1"
    },
    {
      "@id": "#c22dab3a-0a9c-4989-ba07-ee20bd0f2fc9",
      "@type": "Person",
      "name": "Erwan Corre"
    },
    {
      "@id": "#e8244119-bbd0-4f1a-b7b7-845b32a66b34",
      "@type": "Person",
      "name": "Stéphanie Robin"
    },
    {
      "@id": "#b3e5eca0-3532-4c4e-9a1f-19dcd268c3fb",
      "@type": "Person",
      "name": "Anthony Bretaudeau"
    },
    {
      "@id": "#4171274a-c65c-4358-8490-339d5d7b7538",
      "@type": "Person",
      "name": "Alexandre Cormier"
    },
    {
      "@id": "#02964d46-d59e-44d6-a2c5-354561fce2b1",
      "@type": "Person",
      "name": "Laura Leroi"
    }
  ]
}