{
  "@context": "https://w3id.org/ro/crate/1.1/context",
  "@graph": [
    {
      "@id": "ro-crate-metadata.json",
      "@type": "CreativeWork",
      "about": {
        "@id": "./"
      },
      "conformsTo": [
        {
          "@id": "https://w3id.org/ro/crate/1.1"
        },
        {
          "@id": "https://about.workflowhub.eu/Workflow-RO-Crate/"
        }
      ]
    },
    {
      "@id": "./",
      "@type": "Dataset",
      "datePublished": "2024-01-03T01:10:51.664+00:00",
      "mainEntity": {
        "@id": "main_workflow.ga"
      }
    },
    {
      "@id": "main_workflow.ga",
      "@type": [
        "File",
        "SoftwareSourceCode",
        "ComputationalWorkflow"
      ],
      "author": [
        {
          "@id": "#8841af41-b448-4767-9884-40c323bc7d5e"
        },
        {
          "@id": "#ec56a461-3aa3-4cf6-8e5f-5e6e13f10ec5"
        },
        {
          "@id": "#e65b2220-a4d9-4287-9ef9-86ae45d7c14f"
        },
        {
          "@id": "#dd08efc3-9f58-4d55-a0b0-fb353a1e4f4b"
        },
        {
          "@id": "#c9e1f819-62be-4001-98a0-a39736214cba"
        }
      ],
      "license": {
        "@id": "https://spdx.org/licenses/GPL-3.0-or-later"
      },
      "name": "Genome Assembly Quality Control",
      "version": 1,
      "programmingLanguage": {
        "@id": "https://w3id.org/workflowhub/workflow-ro-crate#galaxy"
      }
    },
    {
      "@id": "https://spdx.org/licenses/GPL-3.0-or-later",
      "@type": "CreativeWork",
      "name": "GPL-3.0-or-later"
    },
    {
      "@id": "https://w3id.org/workflowhub/workflow-ro-crate#galaxy",
      "@type": "ComputerLanguage",
      "identifier": {
        "@id": "https://galaxyproject.org/"
      },
      "name": "Galaxy",
      "url": {
        "@id": "https://galaxyproject.org/"
      },
      "version": "23.1"
    },
    {
      "@id": "#8841af41-b448-4767-9884-40c323bc7d5e",
      "@type": "Person",
      "name": "Erwan Corre"
    },
    {
      "@id": "#ec56a461-3aa3-4cf6-8e5f-5e6e13f10ec5",
      "@type": "Person",
      "name": "Stéphanie Robin"
    },
    {
      "@id": "#e65b2220-a4d9-4287-9ef9-86ae45d7c14f",
      "@type": "Person",
      "name": "Anthony Bretaudeau"
    },
    {
      "@id": "#dd08efc3-9f58-4d55-a0b0-fb353a1e4f4b",
      "@type": "Person",
      "name": "Alexandre Cormier"
    },
    {
      "@id": "#c9e1f819-62be-4001-98a0-a39736214cba",
      "@type": "Person",
      "name": "Laura Leroi"
    }
  ]
}