{
  "@context": "https://w3id.org/ro/crate/1.1/context",
  "@graph": [
    {
      "@id": "ro-crate-metadata.json",
      "@type": "CreativeWork",
      "about": {
        "@id": "./"
      },
      "conformsTo": [
        {
          "@id": "https://w3id.org/ro/crate/1.1"
        },
        {
          "@id": "https://about.workflowhub.eu/Workflow-RO-Crate/"
        }
      ]
    },
    {
      "@id": "./",
      "@type": "Dataset",
      "datePublished": "2023-12-21T01:10:05.860+00:00",
      "mainEntity": {
        "@id": "main_workflow.ga"
      }
    },
    {
      "@id": "main_workflow.ga",
      "@type": [
        "File",
        "SoftwareSourceCode",
        "ComputationalWorkflow"
      ],
      "author": [
        {
          "@id": "#5c250537-bc99-4397-8f27-fbaf2c591e9e"
        },
        {
          "@id": "#f75bd48b-a75e-4dfc-9012-12955b99da8d"
        },
        {
          "@id": "#25eeb8e6-6529-4769-a812-dd29a8b9bbab"
        },
        {
          "@id": "#9bf73932-6878-4067-a0fe-4fe41f4d2116"
        },
        {
          "@id": "#d9ae0099-a314-4569-b9de-a78fe60120aa"
        }
      ],
      "license": {
        "@id": "https://spdx.org/licenses/GPL-3.0-or-later"
      },
      "name": "Genome Assembly Quality Control",
      "version": 1,
      "programmingLanguage": {
        "@id": "https://w3id.org/workflowhub/workflow-ro-crate#galaxy"
      }
    },
    {
      "@id": "https://spdx.org/licenses/GPL-3.0-or-later",
      "@type": "CreativeWork",
      "name": "GPL-3.0-or-later"
    },
    {
      "@id": "https://w3id.org/workflowhub/workflow-ro-crate#galaxy",
      "@type": "ComputerLanguage",
      "identifier": {
        "@id": "https://galaxyproject.org/"
      },
      "name": "Galaxy",
      "url": {
        "@id": "https://galaxyproject.org/"
      },
      "version": "23.1"
    },
    {
      "@id": "#5c250537-bc99-4397-8f27-fbaf2c591e9e",
      "@type": "Person",
      "name": "Erwan Corre"
    },
    {
      "@id": "#f75bd48b-a75e-4dfc-9012-12955b99da8d",
      "@type": "Person",
      "name": "Stéphanie Robin"
    },
    {
      "@id": "#25eeb8e6-6529-4769-a812-dd29a8b9bbab",
      "@type": "Person",
      "name": "Anthony Bretaudeau"
    },
    {
      "@id": "#9bf73932-6878-4067-a0fe-4fe41f4d2116",
      "@type": "Person",
      "name": "Alexandre Cormier"
    },
    {
      "@id": "#d9ae0099-a314-4569-b9de-a78fe60120aa",
      "@type": "Person",
      "name": "Laura Leroi"
    }
  ]
}