{
  "@context": "https://w3id.org/ro/crate/1.1/context",
  "@graph": [
    {
      "@id": "ro-crate-metadata.json",
      "@type": "CreativeWork",
      "about": {
        "@id": "./"
      },
      "conformsTo": [
        {
          "@id": "https://w3id.org/ro/crate/1.1"
        },
        {
          "@id": "https://about.workflowhub.eu/Workflow-RO-Crate/"
        }
      ]
    },
    {
      "@id": "./",
      "@type": "Dataset",
      "datePublished": "2024-01-24T01:14:04.782+00:00",
      "mainEntity": {
        "@id": "main_workflow.ga"
      }
    },
    {
      "@id": "main_workflow.ga",
      "@type": [
        "File",
        "SoftwareSourceCode",
        "ComputationalWorkflow"
      ],
      "author": [
        {
          "@id": "#2f5eee66-2ad0-4994-87b4-93a0bf0a6a06"
        },
        {
          "@id": "#4ebd9c97-c79b-4aa2-ac3b-09489b1e08ff"
        },
        {
          "@id": "#31c1646a-d0a8-4040-833f-93c01a61f1e3"
        },
        {
          "@id": "#fc712054-0f66-4d43-b287-8a38cce6b768"
        },
        {
          "@id": "#e8f44743-b40c-47cb-bee9-00929445165c"
        }
      ],
      "license": {
        "@id": "https://spdx.org/licenses/GPL-3.0-or-later"
      },
      "name": "Genome Assembly Quality Control",
      "version": 1,
      "programmingLanguage": {
        "@id": "https://w3id.org/workflowhub/workflow-ro-crate#galaxy"
      }
    },
    {
      "@id": "https://spdx.org/licenses/GPL-3.0-or-later",
      "@type": "CreativeWork",
      "name": "GPL-3.0-or-later"
    },
    {
      "@id": "https://w3id.org/workflowhub/workflow-ro-crate#galaxy",
      "@type": "ComputerLanguage",
      "identifier": {
        "@id": "https://galaxyproject.org/"
      },
      "name": "Galaxy",
      "url": {
        "@id": "https://galaxyproject.org/"
      },
      "version": "23.1"
    },
    {
      "@id": "#2f5eee66-2ad0-4994-87b4-93a0bf0a6a06",
      "@type": "Person",
      "name": "Erwan Corre"
    },
    {
      "@id": "#4ebd9c97-c79b-4aa2-ac3b-09489b1e08ff",
      "@type": "Person",
      "name": "Stéphanie Robin"
    },
    {
      "@id": "#31c1646a-d0a8-4040-833f-93c01a61f1e3",
      "@type": "Person",
      "name": "Anthony Bretaudeau"
    },
    {
      "@id": "#fc712054-0f66-4d43-b287-8a38cce6b768",
      "@type": "Person",
      "name": "Alexandre Cormier"
    },
    {
      "@id": "#e8f44743-b40c-47cb-bee9-00929445165c",
      "@type": "Person",
      "name": "Laura Leroi"
    }
  ]
}