{
  "@context": "https://w3id.org/ro/crate/1.1/context",
  "@graph": [
    {
      "@id": "ro-crate-metadata.json",
      "@type": "CreativeWork",
      "about": {
        "@id": "./"
      },
      "conformsTo": [
        {
          "@id": "https://w3id.org/ro/crate/1.1"
        },
        {
          "@id": "https://about.workflowhub.eu/Workflow-RO-Crate/"
        }
      ]
    },
    {
      "@id": "./",
      "@type": "Dataset",
      "datePublished": "2024-01-11T01:12:59.365+00:00",
      "mainEntity": {
        "@id": "main_workflow.ga"
      }
    },
    {
      "@id": "main_workflow.ga",
      "@type": [
        "File",
        "SoftwareSourceCode",
        "ComputationalWorkflow"
      ],
      "author": [
        {
          "@id": "#0852e7f3-1dae-4f49-8c06-2f94437b12b8"
        },
        {
          "@id": "#543ccce0-0e10-4192-ad74-a21d5a90349a"
        },
        {
          "@id": "#795869e4-bf62-440c-83e2-80bd7e1f78d8"
        },
        {
          "@id": "#a6dc0e6f-304a-466b-8aed-7a21f0c17253"
        },
        {
          "@id": "#4aac47b5-267b-463c-8cf1-85656fc3554a"
        }
      ],
      "license": {
        "@id": "https://spdx.org/licenses/GPL-3.0-or-later"
      },
      "name": "Genome Assembly Quality Control",
      "version": 1,
      "programmingLanguage": {
        "@id": "https://w3id.org/workflowhub/workflow-ro-crate#galaxy"
      }
    },
    {
      "@id": "https://spdx.org/licenses/GPL-3.0-or-later",
      "@type": "CreativeWork",
      "name": "GPL-3.0-or-later"
    },
    {
      "@id": "https://w3id.org/workflowhub/workflow-ro-crate#galaxy",
      "@type": "ComputerLanguage",
      "identifier": {
        "@id": "https://galaxyproject.org/"
      },
      "name": "Galaxy",
      "url": {
        "@id": "https://galaxyproject.org/"
      },
      "version": "23.1"
    },
    {
      "@id": "#0852e7f3-1dae-4f49-8c06-2f94437b12b8",
      "@type": "Person",
      "name": "Erwan Corre"
    },
    {
      "@id": "#543ccce0-0e10-4192-ad74-a21d5a90349a",
      "@type": "Person",
      "name": "Stéphanie Robin"
    },
    {
      "@id": "#795869e4-bf62-440c-83e2-80bd7e1f78d8",
      "@type": "Person",
      "name": "Anthony Bretaudeau"
    },
    {
      "@id": "#a6dc0e6f-304a-466b-8aed-7a21f0c17253",
      "@type": "Person",
      "name": "Alexandre Cormier"
    },
    {
      "@id": "#4aac47b5-267b-463c-8cf1-85656fc3554a",
      "@type": "Person",
      "name": "Laura Leroi"
    }
  ]
}