{
  "@context": "https://w3id.org/ro/crate/1.1/context",
  "@graph": [
    {
      "@id": "ro-crate-metadata.json",
      "@type": "CreativeWork",
      "about": {
        "@id": "./"
      },
      "conformsTo": [
        {
          "@id": "https://w3id.org/ro/crate/1.1"
        },
        {
          "@id": "https://about.workflowhub.eu/Workflow-RO-Crate/"
        }
      ]
    },
    {
      "@id": "./",
      "@type": "Dataset",
      "datePublished": "2023-12-01T01:17:29.310+00:00",
      "mainEntity": {
        "@id": "main_workflow.ga"
      }
    },
    {
      "@id": "main_workflow.ga",
      "@type": [
        "File",
        "SoftwareSourceCode",
        "ComputationalWorkflow"
      ],
      "author": [
        {
          "@id": "#82146413-510e-499a-8dce-16da0925e499"
        },
        {
          "@id": "#af580b50-87ba-4fcd-9f43-c3a3e4b360bf"
        },
        {
          "@id": "#eb13e43c-2211-4d8c-9db2-263dc9a6eaaf"
        },
        {
          "@id": "#96e30a20-b5d8-4769-b3b0-9e6f07478ee5"
        },
        {
          "@id": "#af442653-fef2-4116-9d59-8d3f0356fdd1"
        }
      ],
      "license": {
        "@id": "https://spdx.org/licenses/GPL-3.0-or-later"
      },
      "name": "Genome Assembly Quality Control",
      "version": 1,
      "programmingLanguage": {
        "@id": "https://w3id.org/workflowhub/workflow-ro-crate#galaxy"
      }
    },
    {
      "@id": "https://spdx.org/licenses/GPL-3.0-or-later",
      "@type": "CreativeWork",
      "name": "GPL-3.0-or-later"
    },
    {
      "@id": "https://w3id.org/workflowhub/workflow-ro-crate#galaxy",
      "@type": "ComputerLanguage",
      "identifier": {
        "@id": "https://galaxyproject.org/"
      },
      "name": "Galaxy",
      "url": {
        "@id": "https://galaxyproject.org/"
      },
      "version": "23.1"
    },
    {
      "@id": "#82146413-510e-499a-8dce-16da0925e499",
      "@type": "Person",
      "name": "Erwan Corre"
    },
    {
      "@id": "#af580b50-87ba-4fcd-9f43-c3a3e4b360bf",
      "@type": "Person",
      "name": "Stéphanie Robin"
    },
    {
      "@id": "#eb13e43c-2211-4d8c-9db2-263dc9a6eaaf",
      "@type": "Person",
      "name": "Anthony Bretaudeau"
    },
    {
      "@id": "#96e30a20-b5d8-4769-b3b0-9e6f07478ee5",
      "@type": "Person",
      "name": "Alexandre Cormier"
    },
    {
      "@id": "#af442653-fef2-4116-9d59-8d3f0356fdd1",
      "@type": "Person",
      "name": "Laura Leroi"
    }
  ]
}