{
  "@context": "https://w3id.org/ro/crate/1.1/context",
  "@graph": [
    {
      "@id": "ro-crate-metadata.json",
      "@type": "CreativeWork",
      "about": {
        "@id": "./"
      },
      "conformsTo": [
        {
          "@id": "https://w3id.org/ro/crate/1.1"
        },
        {
          "@id": "https://about.workflowhub.eu/Workflow-RO-Crate/"
        }
      ]
    },
    {
      "@id": "./",
      "@type": "Dataset",
      "datePublished": "2023-12-27T01:09:02.990+00:00",
      "mainEntity": {
        "@id": "main_workflow.ga"
      }
    },
    {
      "@id": "main_workflow.ga",
      "@type": [
        "File",
        "SoftwareSourceCode",
        "ComputationalWorkflow"
      ],
      "author": [
        {
          "@id": "#dba10d6e-f1df-424d-9c63-a860b3b56599"
        },
        {
          "@id": "#abc0f1a7-9159-4556-bb16-9594415d5548"
        },
        {
          "@id": "#31612b5b-2d67-4e4e-b79c-adae67e61d29"
        },
        {
          "@id": "#907484db-181b-4a04-8c89-9cc594c3ff5a"
        },
        {
          "@id": "#3db459bd-7309-4ed9-9886-3c061cbd296c"
        }
      ],
      "license": {
        "@id": "https://spdx.org/licenses/GPL-3.0-or-later"
      },
      "name": "Genome Assembly Quality Control",
      "version": 1,
      "programmingLanguage": {
        "@id": "https://w3id.org/workflowhub/workflow-ro-crate#galaxy"
      }
    },
    {
      "@id": "https://spdx.org/licenses/GPL-3.0-or-later",
      "@type": "CreativeWork",
      "name": "GPL-3.0-or-later"
    },
    {
      "@id": "https://w3id.org/workflowhub/workflow-ro-crate#galaxy",
      "@type": "ComputerLanguage",
      "identifier": {
        "@id": "https://galaxyproject.org/"
      },
      "name": "Galaxy",
      "url": {
        "@id": "https://galaxyproject.org/"
      },
      "version": "23.1"
    },
    {
      "@id": "#dba10d6e-f1df-424d-9c63-a860b3b56599",
      "@type": "Person",
      "name": "Erwan Corre"
    },
    {
      "@id": "#abc0f1a7-9159-4556-bb16-9594415d5548",
      "@type": "Person",
      "name": "Stéphanie Robin"
    },
    {
      "@id": "#31612b5b-2d67-4e4e-b79c-adae67e61d29",
      "@type": "Person",
      "name": "Anthony Bretaudeau"
    },
    {
      "@id": "#907484db-181b-4a04-8c89-9cc594c3ff5a",
      "@type": "Person",
      "name": "Alexandre Cormier"
    },
    {
      "@id": "#3db459bd-7309-4ed9-9886-3c061cbd296c",
      "@type": "Person",
      "name": "Laura Leroi"
    }
  ]
}