{
  "@context": "https://w3id.org/ro/crate/1.1/context",
  "@graph": [
    {
      "@id": "ro-crate-metadata.json",
      "@type": "CreativeWork",
      "about": {
        "@id": "./"
      },
      "conformsTo": [
        {
          "@id": "https://w3id.org/ro/crate/1.1"
        },
        {
          "@id": "https://about.workflowhub.eu/Workflow-RO-Crate/"
        }
      ]
    },
    {
      "@id": "./",
      "@type": "Dataset",
      "datePublished": "2023-11-10T01:08:39.324+00:00",
      "mainEntity": {
        "@id": "main_workflow.ga"
      }
    },
    {
      "@id": "main_workflow.ga",
      "@type": [
        "File",
        "SoftwareSourceCode",
        "ComputationalWorkflow"
      ],
      "author": [
        {
          "@id": "#c655e72e-c514-49ad-aa7b-d651e7fcec2c"
        },
        {
          "@id": "#4b23ee97-43b7-4949-9ff1-55e405b7ceb9"
        },
        {
          "@id": "#8de03fb8-e63a-4091-bfbb-c02ae0631c2c"
        },
        {
          "@id": "#97e6b408-0e8d-4076-9ca9-1137fca31b9c"
        },
        {
          "@id": "#ea6ef014-6e87-472a-b338-ac6252eb23be"
        }
      ],
      "license": {
        "@id": "https://spdx.org/licenses/GPL-3.0-or-later"
      },
      "name": "Genome Assembly Quality Control",
      "version": 1,
      "programmingLanguage": {
        "@id": "https://w3id.org/workflowhub/workflow-ro-crate#galaxy"
      }
    },
    {
      "@id": "https://spdx.org/licenses/GPL-3.0-or-later",
      "@type": "CreativeWork",
      "name": "GPL-3.0-or-later"
    },
    {
      "@id": "https://w3id.org/workflowhub/workflow-ro-crate#galaxy",
      "@type": "ComputerLanguage",
      "identifier": {
        "@id": "https://galaxyproject.org/"
      },
      "name": "Galaxy",
      "url": {
        "@id": "https://galaxyproject.org/"
      },
      "version": "23.1"
    },
    {
      "@id": "#c655e72e-c514-49ad-aa7b-d651e7fcec2c",
      "@type": "Person",
      "name": "Erwan Corre"
    },
    {
      "@id": "#4b23ee97-43b7-4949-9ff1-55e405b7ceb9",
      "@type": "Person",
      "name": "Stéphanie Robin"
    },
    {
      "@id": "#8de03fb8-e63a-4091-bfbb-c02ae0631c2c",
      "@type": "Person",
      "name": "Anthony Bretaudeau"
    },
    {
      "@id": "#97e6b408-0e8d-4076-9ca9-1137fca31b9c",
      "@type": "Person",
      "name": "Alexandre Cormier"
    },
    {
      "@id": "#ea6ef014-6e87-472a-b338-ac6252eb23be",
      "@type": "Person",
      "name": "Laura Leroi"
    }
  ]
}