{
  "@context": "https://w3id.org/ro/crate/1.1/context",
  "@graph": [
    {
      "@id": "ro-crate-metadata.json",
      "@type": "CreativeWork",
      "about": {
        "@id": "./"
      },
      "conformsTo": [
        {
          "@id": "https://w3id.org/ro/crate/1.1"
        },
        {
          "@id": "https://about.workflowhub.eu/Workflow-RO-Crate/"
        }
      ]
    },
    {
      "@id": "./",
      "@type": "Dataset",
      "datePublished": "2024-01-09T01:12:48.335+00:00",
      "mainEntity": {
        "@id": "main_workflow.ga"
      }
    },
    {
      "@id": "main_workflow.ga",
      "@type": [
        "File",
        "SoftwareSourceCode",
        "ComputationalWorkflow"
      ],
      "author": [
        {
          "@id": "#851837e5-96b5-4714-9c23-5afcd2a0e94c"
        },
        {
          "@id": "#1d3bab7e-23c6-47d9-87a9-a85400596daf"
        },
        {
          "@id": "#c3c147fd-cf22-42fa-8b3e-3456ed5a1aed"
        },
        {
          "@id": "#91b65ffa-8bb3-4f68-a7c3-27130a25e7a0"
        },
        {
          "@id": "#02544424-549b-4aa3-a5a4-c4fb950d82ce"
        }
      ],
      "license": {
        "@id": "https://spdx.org/licenses/GPL-3.0-or-later"
      },
      "name": "Genome Assembly Quality Control",
      "version": 1,
      "programmingLanguage": {
        "@id": "https://w3id.org/workflowhub/workflow-ro-crate#galaxy"
      }
    },
    {
      "@id": "https://spdx.org/licenses/GPL-3.0-or-later",
      "@type": "CreativeWork",
      "name": "GPL-3.0-or-later"
    },
    {
      "@id": "https://w3id.org/workflowhub/workflow-ro-crate#galaxy",
      "@type": "ComputerLanguage",
      "identifier": {
        "@id": "https://galaxyproject.org/"
      },
      "name": "Galaxy",
      "url": {
        "@id": "https://galaxyproject.org/"
      },
      "version": "23.1"
    },
    {
      "@id": "#851837e5-96b5-4714-9c23-5afcd2a0e94c",
      "@type": "Person",
      "name": "Erwan Corre"
    },
    {
      "@id": "#1d3bab7e-23c6-47d9-87a9-a85400596daf",
      "@type": "Person",
      "name": "Stéphanie Robin"
    },
    {
      "@id": "#c3c147fd-cf22-42fa-8b3e-3456ed5a1aed",
      "@type": "Person",
      "name": "Anthony Bretaudeau"
    },
    {
      "@id": "#91b65ffa-8bb3-4f68-a7c3-27130a25e7a0",
      "@type": "Person",
      "name": "Alexandre Cormier"
    },
    {
      "@id": "#02544424-549b-4aa3-a5a4-c4fb950d82ce",
      "@type": "Person",
      "name": "Laura Leroi"
    }
  ]
}