{
  "@context": "https://w3id.org/ro/crate/1.1/context",
  "@graph": [
    {
      "@id": "ro-crate-metadata.json",
      "@type": "CreativeWork",
      "about": {
        "@id": "./"
      },
      "conformsTo": [
        {
          "@id": "https://w3id.org/ro/crate/1.1"
        },
        {
          "@id": "https://about.workflowhub.eu/Workflow-RO-Crate/"
        }
      ]
    },
    {
      "@id": "./",
      "@type": "Dataset",
      "datePublished": "2023-11-27T01:11:20.859+00:00",
      "mainEntity": {
        "@id": "main_workflow.ga"
      }
    },
    {
      "@id": "main_workflow.ga",
      "@type": [
        "File",
        "SoftwareSourceCode",
        "ComputationalWorkflow"
      ],
      "author": [
        {
          "@id": "#02952bec-373c-47a4-be2b-676b983057ed"
        },
        {
          "@id": "#e935ff11-3b49-4ef5-acce-1c41bf342a16"
        },
        {
          "@id": "#c57062f7-ed05-4fe7-a56e-24216613d2c5"
        },
        {
          "@id": "#d3040df1-1e7a-415b-abd8-4b297d568250"
        },
        {
          "@id": "#64f4732a-e2a2-4d04-b65c-e5343c573ff6"
        }
      ],
      "license": {
        "@id": "https://spdx.org/licenses/GPL-3.0-or-later"
      },
      "name": "Genome Assembly Quality Control",
      "version": 1,
      "programmingLanguage": {
        "@id": "https://w3id.org/workflowhub/workflow-ro-crate#galaxy"
      }
    },
    {
      "@id": "https://spdx.org/licenses/GPL-3.0-or-later",
      "@type": "CreativeWork",
      "name": "GPL-3.0-or-later"
    },
    {
      "@id": "https://w3id.org/workflowhub/workflow-ro-crate#galaxy",
      "@type": "ComputerLanguage",
      "identifier": {
        "@id": "https://galaxyproject.org/"
      },
      "name": "Galaxy",
      "url": {
        "@id": "https://galaxyproject.org/"
      },
      "version": "23.1"
    },
    {
      "@id": "#02952bec-373c-47a4-be2b-676b983057ed",
      "@type": "Person",
      "name": "Erwan Corre"
    },
    {
      "@id": "#e935ff11-3b49-4ef5-acce-1c41bf342a16",
      "@type": "Person",
      "name": "Stéphanie Robin"
    },
    {
      "@id": "#c57062f7-ed05-4fe7-a56e-24216613d2c5",
      "@type": "Person",
      "name": "Anthony Bretaudeau"
    },
    {
      "@id": "#d3040df1-1e7a-415b-abd8-4b297d568250",
      "@type": "Person",
      "name": "Alexandre Cormier"
    },
    {
      "@id": "#64f4732a-e2a2-4d04-b65c-e5343c573ff6",
      "@type": "Person",
      "name": "Laura Leroi"
    }
  ]
}