{
  "@context": "https://w3id.org/ro/crate/1.1/context",
  "@graph": [
    {
      "@id": "ro-crate-metadata.json",
      "@type": "CreativeWork",
      "about": {
        "@id": "./"
      },
      "conformsTo": [
        {
          "@id": "https://w3id.org/ro/crate/1.1"
        },
        {
          "@id": "https://about.workflowhub.eu/Workflow-RO-Crate/"
        }
      ]
    },
    {
      "@id": "./",
      "@type": "Dataset",
      "datePublished": "2024-01-15T01:14:57.738+00:00",
      "mainEntity": {
        "@id": "main_workflow.ga"
      }
    },
    {
      "@id": "main_workflow.ga",
      "@type": [
        "File",
        "SoftwareSourceCode",
        "ComputationalWorkflow"
      ],
      "author": [
        {
          "@id": "#c1da8057-6029-4f0c-a4e4-653452fb1e5e"
        },
        {
          "@id": "#c0a14f28-8a69-4e45-9495-3b1e19573ce1"
        },
        {
          "@id": "#39726fba-52ba-48b5-94e9-ec3fba60467c"
        },
        {
          "@id": "#49f40a1d-2a65-4bcb-bac3-ac48c36f15ef"
        },
        {
          "@id": "#ea921a2b-b4de-4563-a95f-32b4c0459015"
        }
      ],
      "license": {
        "@id": "https://spdx.org/licenses/GPL-3.0-or-later"
      },
      "name": "Genome Assembly Quality Control",
      "version": 1,
      "programmingLanguage": {
        "@id": "https://w3id.org/workflowhub/workflow-ro-crate#galaxy"
      }
    },
    {
      "@id": "https://spdx.org/licenses/GPL-3.0-or-later",
      "@type": "CreativeWork",
      "name": "GPL-3.0-or-later"
    },
    {
      "@id": "https://w3id.org/workflowhub/workflow-ro-crate#galaxy",
      "@type": "ComputerLanguage",
      "identifier": {
        "@id": "https://galaxyproject.org/"
      },
      "name": "Galaxy",
      "url": {
        "@id": "https://galaxyproject.org/"
      },
      "version": "23.1"
    },
    {
      "@id": "#c1da8057-6029-4f0c-a4e4-653452fb1e5e",
      "@type": "Person",
      "name": "Erwan Corre"
    },
    {
      "@id": "#c0a14f28-8a69-4e45-9495-3b1e19573ce1",
      "@type": "Person",
      "name": "Stéphanie Robin"
    },
    {
      "@id": "#39726fba-52ba-48b5-94e9-ec3fba60467c",
      "@type": "Person",
      "name": "Anthony Bretaudeau"
    },
    {
      "@id": "#49f40a1d-2a65-4bcb-bac3-ac48c36f15ef",
      "@type": "Person",
      "name": "Alexandre Cormier"
    },
    {
      "@id": "#ea921a2b-b4de-4563-a95f-32b4c0459015",
      "@type": "Person",
      "name": "Laura Leroi"
    }
  ]
}