{
  "@context": "https://w3id.org/ro/crate/1.1/context",
  "@graph": [
    {
      "@id": "ro-crate-metadata.json",
      "@type": "CreativeWork",
      "about": {
        "@id": "./"
      },
      "conformsTo": [
        {
          "@id": "https://w3id.org/ro/crate/1.1"
        },
        {
          "@id": "https://about.workflowhub.eu/Workflow-RO-Crate/"
        }
      ]
    },
    {
      "@id": "./",
      "@type": "Dataset",
      "datePublished": "2023-12-09T01:10:07.837+00:00",
      "mainEntity": {
        "@id": "main_workflow.ga"
      }
    },
    {
      "@id": "main_workflow.ga",
      "@type": [
        "File",
        "SoftwareSourceCode",
        "ComputationalWorkflow"
      ],
      "author": [
        {
          "@id": "#798faec7-17fb-40dc-9013-fabfd6392181"
        },
        {
          "@id": "#6337700f-d9eb-40a4-b290-52e8e01e7e5a"
        },
        {
          "@id": "#cc551411-5737-47e0-b67f-24e641843984"
        },
        {
          "@id": "#f1bab789-9758-4d2d-98ae-843daf8ea932"
        },
        {
          "@id": "#ba372980-5a40-4946-8bcc-197d39504c7a"
        }
      ],
      "license": {
        "@id": "https://spdx.org/licenses/GPL-3.0-or-later"
      },
      "name": "Genome Assembly Quality Control",
      "version": 1,
      "programmingLanguage": {
        "@id": "https://w3id.org/workflowhub/workflow-ro-crate#galaxy"
      }
    },
    {
      "@id": "https://spdx.org/licenses/GPL-3.0-or-later",
      "@type": "CreativeWork",
      "name": "GPL-3.0-or-later"
    },
    {
      "@id": "https://w3id.org/workflowhub/workflow-ro-crate#galaxy",
      "@type": "ComputerLanguage",
      "identifier": {
        "@id": "https://galaxyproject.org/"
      },
      "name": "Galaxy",
      "url": {
        "@id": "https://galaxyproject.org/"
      },
      "version": "23.1"
    },
    {
      "@id": "#798faec7-17fb-40dc-9013-fabfd6392181",
      "@type": "Person",
      "name": "Erwan Corre"
    },
    {
      "@id": "#6337700f-d9eb-40a4-b290-52e8e01e7e5a",
      "@type": "Person",
      "name": "Stéphanie Robin"
    },
    {
      "@id": "#cc551411-5737-47e0-b67f-24e641843984",
      "@type": "Person",
      "name": "Anthony Bretaudeau"
    },
    {
      "@id": "#f1bab789-9758-4d2d-98ae-843daf8ea932",
      "@type": "Person",
      "name": "Alexandre Cormier"
    },
    {
      "@id": "#ba372980-5a40-4946-8bcc-197d39504c7a",
      "@type": "Person",
      "name": "Laura Leroi"
    }
  ]
}