{
  "@context": "https://w3id.org/ro/crate/1.1/context",
  "@graph": [
    {
      "@id": "ro-crate-metadata.json",
      "@type": "CreativeWork",
      "about": {
        "@id": "./"
      },
      "conformsTo": [
        {
          "@id": "https://w3id.org/ro/crate/1.1"
        },
        {
          "@id": "https://about.workflowhub.eu/Workflow-RO-Crate/"
        }
      ]
    },
    {
      "@id": "./",
      "@type": "Dataset",
      "datePublished": "2023-11-17T01:11:07.499+00:00",
      "mainEntity": {
        "@id": "main_workflow.ga"
      }
    },
    {
      "@id": "main_workflow.ga",
      "@type": [
        "File",
        "SoftwareSourceCode",
        "ComputationalWorkflow"
      ],
      "author": [
        {
          "@id": "#0bf5acce-f99a-43d2-a732-1af7afdccd09"
        },
        {
          "@id": "#a7c7a88a-39a8-4384-b28f-85306528e20d"
        },
        {
          "@id": "#4b6bfd3a-b5d8-4e77-8192-1fdfb1999a9c"
        },
        {
          "@id": "#65272f2c-a2d1-4402-bee0-3d5ab9e40511"
        },
        {
          "@id": "#edff08c8-3faf-45cf-99a0-cc9e7b3717d0"
        }
      ],
      "license": {
        "@id": "https://spdx.org/licenses/GPL-3.0-or-later"
      },
      "name": "Genome Assembly Quality Control",
      "version": 1,
      "programmingLanguage": {
        "@id": "https://w3id.org/workflowhub/workflow-ro-crate#galaxy"
      }
    },
    {
      "@id": "https://spdx.org/licenses/GPL-3.0-or-later",
      "@type": "CreativeWork",
      "name": "GPL-3.0-or-later"
    },
    {
      "@id": "https://w3id.org/workflowhub/workflow-ro-crate#galaxy",
      "@type": "ComputerLanguage",
      "identifier": {
        "@id": "https://galaxyproject.org/"
      },
      "name": "Galaxy",
      "url": {
        "@id": "https://galaxyproject.org/"
      },
      "version": "23.1"
    },
    {
      "@id": "#0bf5acce-f99a-43d2-a732-1af7afdccd09",
      "@type": "Person",
      "name": "Erwan Corre"
    },
    {
      "@id": "#a7c7a88a-39a8-4384-b28f-85306528e20d",
      "@type": "Person",
      "name": "Stéphanie Robin"
    },
    {
      "@id": "#4b6bfd3a-b5d8-4e77-8192-1fdfb1999a9c",
      "@type": "Person",
      "name": "Anthony Bretaudeau"
    },
    {
      "@id": "#65272f2c-a2d1-4402-bee0-3d5ab9e40511",
      "@type": "Person",
      "name": "Alexandre Cormier"
    },
    {
      "@id": "#edff08c8-3faf-45cf-99a0-cc9e7b3717d0",
      "@type": "Person",
      "name": "Laura Leroi"
    }
  ]
}