{
  "@context": "https://w3id.org/ro/crate/1.1/context",
  "@graph": [
    {
      "@id": "ro-crate-metadata.json",
      "@type": "CreativeWork",
      "about": {
        "@id": "./"
      },
      "conformsTo": [
        {
          "@id": "https://w3id.org/ro/crate/1.1"
        },
        {
          "@id": "https://about.workflowhub.eu/Workflow-RO-Crate/"
        }
      ]
    },
    {
      "@id": "./",
      "@type": "Dataset",
      "datePublished": "2024-01-18T01:14:53.872+00:00",
      "mainEntity": {
        "@id": "main_workflow.ga"
      }
    },
    {
      "@id": "main_workflow.ga",
      "@type": [
        "File",
        "SoftwareSourceCode",
        "ComputationalWorkflow"
      ],
      "author": [
        {
          "@id": "#ab2000fd-dde4-4b77-b89c-d2dad4d65d26"
        },
        {
          "@id": "#49c18869-d6de-41d2-9b11-845a5932e424"
        },
        {
          "@id": "#15dfdcaa-34d1-486d-9b61-f9748823c00a"
        },
        {
          "@id": "#65fe4cb5-d566-40c5-9f39-bd142c893f07"
        },
        {
          "@id": "#a3cfad15-11c3-4753-a06e-4c2ea77daff8"
        }
      ],
      "license": {
        "@id": "https://spdx.org/licenses/GPL-3.0-or-later"
      },
      "name": "Genome Assembly Quality Control",
      "version": 1,
      "programmingLanguage": {
        "@id": "https://w3id.org/workflowhub/workflow-ro-crate#galaxy"
      }
    },
    {
      "@id": "https://spdx.org/licenses/GPL-3.0-or-later",
      "@type": "CreativeWork",
      "name": "GPL-3.0-or-later"
    },
    {
      "@id": "https://w3id.org/workflowhub/workflow-ro-crate#galaxy",
      "@type": "ComputerLanguage",
      "identifier": {
        "@id": "https://galaxyproject.org/"
      },
      "name": "Galaxy",
      "url": {
        "@id": "https://galaxyproject.org/"
      },
      "version": "23.1"
    },
    {
      "@id": "#ab2000fd-dde4-4b77-b89c-d2dad4d65d26",
      "@type": "Person",
      "name": "Erwan Corre"
    },
    {
      "@id": "#49c18869-d6de-41d2-9b11-845a5932e424",
      "@type": "Person",
      "name": "Stéphanie Robin"
    },
    {
      "@id": "#15dfdcaa-34d1-486d-9b61-f9748823c00a",
      "@type": "Person",
      "name": "Anthony Bretaudeau"
    },
    {
      "@id": "#65fe4cb5-d566-40c5-9f39-bd142c893f07",
      "@type": "Person",
      "name": "Alexandre Cormier"
    },
    {
      "@id": "#a3cfad15-11c3-4753-a06e-4c2ea77daff8",
      "@type": "Person",
      "name": "Laura Leroi"
    }
  ]
}