{
  "@context": "https://w3id.org/ro/crate/1.1/context",
  "@graph": [
    {
      "@id": "ro-crate-metadata.json",
      "@type": "CreativeWork",
      "about": {
        "@id": "./"
      },
      "conformsTo": [
        {
          "@id": "https://w3id.org/ro/crate/1.1"
        },
        {
          "@id": "https://about.workflowhub.eu/Workflow-RO-Crate/"
        }
      ]
    },
    {
      "@id": "./",
      "@type": "Dataset",
      "datePublished": "2023-12-24T01:14:58.475+00:00",
      "mainEntity": {
        "@id": "main_workflow.ga"
      }
    },
    {
      "@id": "main_workflow.ga",
      "@type": [
        "File",
        "SoftwareSourceCode",
        "ComputationalWorkflow"
      ],
      "author": [
        {
          "@id": "#cb0b3f0e-2381-4fc2-9aef-dae5fe0cea53"
        },
        {
          "@id": "#4074e088-984e-4ddb-814c-6e6424e5c05a"
        },
        {
          "@id": "#b9aaccb3-1396-4dce-bb2e-31b2b1984531"
        },
        {
          "@id": "#2646d5d5-0b1a-44cd-9624-0605f08aff12"
        },
        {
          "@id": "#8744212a-4e70-47da-8793-bd117b03f79e"
        }
      ],
      "license": {
        "@id": "https://spdx.org/licenses/GPL-3.0-or-later"
      },
      "name": "Genome Assembly Quality Control",
      "version": 1,
      "programmingLanguage": {
        "@id": "https://w3id.org/workflowhub/workflow-ro-crate#galaxy"
      }
    },
    {
      "@id": "https://spdx.org/licenses/GPL-3.0-or-later",
      "@type": "CreativeWork",
      "name": "GPL-3.0-or-later"
    },
    {
      "@id": "https://w3id.org/workflowhub/workflow-ro-crate#galaxy",
      "@type": "ComputerLanguage",
      "identifier": {
        "@id": "https://galaxyproject.org/"
      },
      "name": "Galaxy",
      "url": {
        "@id": "https://galaxyproject.org/"
      },
      "version": "23.1"
    },
    {
      "@id": "#cb0b3f0e-2381-4fc2-9aef-dae5fe0cea53",
      "@type": "Person",
      "name": "Erwan Corre"
    },
    {
      "@id": "#4074e088-984e-4ddb-814c-6e6424e5c05a",
      "@type": "Person",
      "name": "Stéphanie Robin"
    },
    {
      "@id": "#b9aaccb3-1396-4dce-bb2e-31b2b1984531",
      "@type": "Person",
      "name": "Anthony Bretaudeau"
    },
    {
      "@id": "#2646d5d5-0b1a-44cd-9624-0605f08aff12",
      "@type": "Person",
      "name": "Alexandre Cormier"
    },
    {
      "@id": "#8744212a-4e70-47da-8793-bd117b03f79e",
      "@type": "Person",
      "name": "Laura Leroi"
    }
  ]
}