{
  "@context": "https://w3id.org/ro/crate/1.1/context",
  "@graph": [
    {
      "@id": "ro-crate-metadata.json",
      "@type": "CreativeWork",
      "about": {
        "@id": "./"
      },
      "conformsTo": [
        {
          "@id": "https://w3id.org/ro/crate/1.1"
        },
        {
          "@id": "https://about.workflowhub.eu/Workflow-RO-Crate/"
        }
      ]
    },
    {
      "@id": "./",
      "@type": "Dataset",
      "datePublished": "2024-01-08T01:12:58.128+00:00",
      "mainEntity": {
        "@id": "main_workflow.ga"
      }
    },
    {
      "@id": "main_workflow.ga",
      "@type": [
        "File",
        "SoftwareSourceCode",
        "ComputationalWorkflow"
      ],
      "author": [
        {
          "@id": "#17b61ea2-9050-47ff-871d-12af9086cb8a"
        },
        {
          "@id": "#56ccba53-b63e-4e46-ba33-63034d2ba792"
        },
        {
          "@id": "#926c709c-ebb7-4d0f-9ba1-af5484cfbd83"
        },
        {
          "@id": "#9023698f-f283-4d74-b8b2-e5cd1a4f9935"
        },
        {
          "@id": "#97b9f71f-9769-4860-8189-6d0d1c90fd47"
        }
      ],
      "license": {
        "@id": "https://spdx.org/licenses/GPL-3.0-or-later"
      },
      "name": "Genome Assembly Quality Control",
      "version": 1,
      "programmingLanguage": {
        "@id": "https://w3id.org/workflowhub/workflow-ro-crate#galaxy"
      }
    },
    {
      "@id": "https://spdx.org/licenses/GPL-3.0-or-later",
      "@type": "CreativeWork",
      "name": "GPL-3.0-or-later"
    },
    {
      "@id": "https://w3id.org/workflowhub/workflow-ro-crate#galaxy",
      "@type": "ComputerLanguage",
      "identifier": {
        "@id": "https://galaxyproject.org/"
      },
      "name": "Galaxy",
      "url": {
        "@id": "https://galaxyproject.org/"
      },
      "version": "23.1"
    },
    {
      "@id": "#17b61ea2-9050-47ff-871d-12af9086cb8a",
      "@type": "Person",
      "name": "Erwan Corre"
    },
    {
      "@id": "#56ccba53-b63e-4e46-ba33-63034d2ba792",
      "@type": "Person",
      "name": "Stéphanie Robin"
    },
    {
      "@id": "#926c709c-ebb7-4d0f-9ba1-af5484cfbd83",
      "@type": "Person",
      "name": "Anthony Bretaudeau"
    },
    {
      "@id": "#9023698f-f283-4d74-b8b2-e5cd1a4f9935",
      "@type": "Person",
      "name": "Alexandre Cormier"
    },
    {
      "@id": "#97b9f71f-9769-4860-8189-6d0d1c90fd47",
      "@type": "Person",
      "name": "Laura Leroi"
    }
  ]
}