{
  "@context": "https://w3id.org/ro/crate/1.1/context",
  "@graph": [
    {
      "@id": "ro-crate-metadata.json",
      "@type": "CreativeWork",
      "about": {
        "@id": "./"
      },
      "conformsTo": [
        {
          "@id": "https://w3id.org/ro/crate/1.1"
        },
        {
          "@id": "https://about.workflowhub.eu/Workflow-RO-Crate/"
        }
      ]
    },
    {
      "@id": "./",
      "@type": "Dataset",
      "datePublished": "2024-01-20T01:12:00.592+00:00",
      "mainEntity": {
        "@id": "main_workflow.ga"
      }
    },
    {
      "@id": "main_workflow.ga",
      "@type": [
        "File",
        "SoftwareSourceCode",
        "ComputationalWorkflow"
      ],
      "author": [
        {
          "@id": "#254bebf0-52a1-4cc0-a826-a0822a18f23b"
        },
        {
          "@id": "#c2423fe2-12be-4053-b8e7-314838d5606e"
        },
        {
          "@id": "#8af0a1a3-134d-44f0-a949-76e95294ebd7"
        },
        {
          "@id": "#7046c338-dddb-45e6-b7ef-9fa809d54abd"
        },
        {
          "@id": "#d0fbeb17-2c7b-451e-aeac-1bb746c9a45b"
        }
      ],
      "license": {
        "@id": "https://spdx.org/licenses/GPL-3.0-or-later"
      },
      "name": "Genome Assembly Quality Control",
      "version": 1,
      "programmingLanguage": {
        "@id": "https://w3id.org/workflowhub/workflow-ro-crate#galaxy"
      }
    },
    {
      "@id": "https://spdx.org/licenses/GPL-3.0-or-later",
      "@type": "CreativeWork",
      "name": "GPL-3.0-or-later"
    },
    {
      "@id": "https://w3id.org/workflowhub/workflow-ro-crate#galaxy",
      "@type": "ComputerLanguage",
      "identifier": {
        "@id": "https://galaxyproject.org/"
      },
      "name": "Galaxy",
      "url": {
        "@id": "https://galaxyproject.org/"
      },
      "version": "23.1"
    },
    {
      "@id": "#254bebf0-52a1-4cc0-a826-a0822a18f23b",
      "@type": "Person",
      "name": "Erwan Corre"
    },
    {
      "@id": "#c2423fe2-12be-4053-b8e7-314838d5606e",
      "@type": "Person",
      "name": "Stéphanie Robin"
    },
    {
      "@id": "#8af0a1a3-134d-44f0-a949-76e95294ebd7",
      "@type": "Person",
      "name": "Anthony Bretaudeau"
    },
    {
      "@id": "#7046c338-dddb-45e6-b7ef-9fa809d54abd",
      "@type": "Person",
      "name": "Alexandre Cormier"
    },
    {
      "@id": "#d0fbeb17-2c7b-451e-aeac-1bb746c9a45b",
      "@type": "Person",
      "name": "Laura Leroi"
    }
  ]
}