{
  "@context": "https://w3id.org/ro/crate/1.1/context",
  "@graph": [
    {
      "@id": "ro-crate-metadata.json",
      "@type": "CreativeWork",
      "about": {
        "@id": "./"
      },
      "conformsTo": [
        {
          "@id": "https://w3id.org/ro/crate/1.1"
        },
        {
          "@id": "https://about.workflowhub.eu/Workflow-RO-Crate/"
        }
      ]
    },
    {
      "@id": "./",
      "@type": "Dataset",
      "datePublished": "2023-12-06T01:14:25.691+00:00",
      "mainEntity": {
        "@id": "main_workflow.ga"
      }
    },
    {
      "@id": "main_workflow.ga",
      "@type": [
        "File",
        "SoftwareSourceCode",
        "ComputationalWorkflow"
      ],
      "author": [
        {
          "@id": "#e98bba6a-3095-422e-946c-8d018d062054"
        },
        {
          "@id": "#6ea3977b-3577-4c56-b2ca-b2864700060e"
        },
        {
          "@id": "#e5aa5c59-7105-492f-ac48-fdecc3f82f59"
        },
        {
          "@id": "#094d40fa-058c-44b7-a69d-77c8b9fd37aa"
        },
        {
          "@id": "#d4d7bd1e-2525-4d7f-a92d-20d93f6cb6fa"
        }
      ],
      "license": {
        "@id": "https://spdx.org/licenses/GPL-3.0-or-later"
      },
      "name": "Genome Assembly Quality Control",
      "version": 1,
      "programmingLanguage": {
        "@id": "https://w3id.org/workflowhub/workflow-ro-crate#galaxy"
      }
    },
    {
      "@id": "https://spdx.org/licenses/GPL-3.0-or-later",
      "@type": "CreativeWork",
      "name": "GPL-3.0-or-later"
    },
    {
      "@id": "https://w3id.org/workflowhub/workflow-ro-crate#galaxy",
      "@type": "ComputerLanguage",
      "identifier": {
        "@id": "https://galaxyproject.org/"
      },
      "name": "Galaxy",
      "url": {
        "@id": "https://galaxyproject.org/"
      },
      "version": "23.1"
    },
    {
      "@id": "#e98bba6a-3095-422e-946c-8d018d062054",
      "@type": "Person",
      "name": "Erwan Corre"
    },
    {
      "@id": "#6ea3977b-3577-4c56-b2ca-b2864700060e",
      "@type": "Person",
      "name": "Stéphanie Robin"
    },
    {
      "@id": "#e5aa5c59-7105-492f-ac48-fdecc3f82f59",
      "@type": "Person",
      "name": "Anthony Bretaudeau"
    },
    {
      "@id": "#094d40fa-058c-44b7-a69d-77c8b9fd37aa",
      "@type": "Person",
      "name": "Alexandre Cormier"
    },
    {
      "@id": "#d4d7bd1e-2525-4d7f-a92d-20d93f6cb6fa",
      "@type": "Person",
      "name": "Laura Leroi"
    }
  ]
}