{
  "@context": "https://w3id.org/ro/crate/1.1/context",
  "@graph": [
    {
      "@id": "ro-crate-metadata.json",
      "@type": "CreativeWork",
      "about": {
        "@id": "./"
      },
      "conformsTo": [
        {
          "@id": "https://w3id.org/ro/crate/1.1"
        },
        {
          "@id": "https://about.workflowhub.eu/Workflow-RO-Crate/"
        }
      ]
    },
    {
      "@id": "./",
      "@type": "Dataset",
      "datePublished": "2023-12-22T01:09:44.136+00:00",
      "mainEntity": {
        "@id": "main_workflow.ga"
      }
    },
    {
      "@id": "main_workflow.ga",
      "@type": [
        "File",
        "SoftwareSourceCode",
        "ComputationalWorkflow"
      ],
      "author": [
        {
          "@id": "#5ea99d26-08f8-4ea9-8d40-e18c1b39a48b"
        },
        {
          "@id": "#1102a16c-a4b5-410a-8c78-dcf2b4f318b7"
        },
        {
          "@id": "#e5075239-4e7b-4722-9881-26cc105b82bb"
        },
        {
          "@id": "#ce72d204-2c66-411e-90ca-20b3208a7d7c"
        },
        {
          "@id": "#53d1d516-bbae-4370-952c-32de44f198b2"
        }
      ],
      "license": {
        "@id": "https://spdx.org/licenses/GPL-3.0-or-later"
      },
      "name": "Genome Assembly Quality Control",
      "version": 1,
      "programmingLanguage": {
        "@id": "https://w3id.org/workflowhub/workflow-ro-crate#galaxy"
      }
    },
    {
      "@id": "https://spdx.org/licenses/GPL-3.0-or-later",
      "@type": "CreativeWork",
      "name": "GPL-3.0-or-later"
    },
    {
      "@id": "https://w3id.org/workflowhub/workflow-ro-crate#galaxy",
      "@type": "ComputerLanguage",
      "identifier": {
        "@id": "https://galaxyproject.org/"
      },
      "name": "Galaxy",
      "url": {
        "@id": "https://galaxyproject.org/"
      },
      "version": "23.1"
    },
    {
      "@id": "#5ea99d26-08f8-4ea9-8d40-e18c1b39a48b",
      "@type": "Person",
      "name": "Erwan Corre"
    },
    {
      "@id": "#1102a16c-a4b5-410a-8c78-dcf2b4f318b7",
      "@type": "Person",
      "name": "Stéphanie Robin"
    },
    {
      "@id": "#e5075239-4e7b-4722-9881-26cc105b82bb",
      "@type": "Person",
      "name": "Anthony Bretaudeau"
    },
    {
      "@id": "#ce72d204-2c66-411e-90ca-20b3208a7d7c",
      "@type": "Person",
      "name": "Alexandre Cormier"
    },
    {
      "@id": "#53d1d516-bbae-4370-952c-32de44f198b2",
      "@type": "Person",
      "name": "Laura Leroi"
    }
  ]
}