{
  "@context": "https://w3id.org/ro/crate/1.1/context",
  "@graph": [
    {
      "@id": "ro-crate-metadata.json",
      "@type": "CreativeWork",
      "about": {
        "@id": "./"
      },
      "conformsTo": [
        {
          "@id": "https://w3id.org/ro/crate/1.1"
        },
        {
          "@id": "https://about.workflowhub.eu/Workflow-RO-Crate/"
        }
      ]
    },
    {
      "@id": "./",
      "@type": "Dataset",
      "datePublished": "2023-12-30T01:08:19.793+00:00",
      "mainEntity": {
        "@id": "main_workflow.ga"
      }
    },
    {
      "@id": "main_workflow.ga",
      "@type": [
        "File",
        "SoftwareSourceCode",
        "ComputationalWorkflow"
      ],
      "author": [
        {
          "@id": "#978f4479-a1aa-41ae-9c29-50ada2f191c3"
        },
        {
          "@id": "#1ea3d35b-d381-4ee2-8d92-a7a13e3c5b51"
        },
        {
          "@id": "#ef034fff-4cf1-4fe3-a1c1-4143caa9a7e6"
        },
        {
          "@id": "#adac317c-0676-43b9-8221-2d0e4ddf2d90"
        },
        {
          "@id": "#3ee864e9-b8b7-4883-a8f0-f8e6208e2f93"
        }
      ],
      "license": {
        "@id": "https://spdx.org/licenses/GPL-3.0-or-later"
      },
      "name": "Genome Assembly Quality Control",
      "version": 1,
      "programmingLanguage": {
        "@id": "https://w3id.org/workflowhub/workflow-ro-crate#galaxy"
      }
    },
    {
      "@id": "https://spdx.org/licenses/GPL-3.0-or-later",
      "@type": "CreativeWork",
      "name": "GPL-3.0-or-later"
    },
    {
      "@id": "https://w3id.org/workflowhub/workflow-ro-crate#galaxy",
      "@type": "ComputerLanguage",
      "identifier": {
        "@id": "https://galaxyproject.org/"
      },
      "name": "Galaxy",
      "url": {
        "@id": "https://galaxyproject.org/"
      },
      "version": "23.1"
    },
    {
      "@id": "#978f4479-a1aa-41ae-9c29-50ada2f191c3",
      "@type": "Person",
      "name": "Erwan Corre"
    },
    {
      "@id": "#1ea3d35b-d381-4ee2-8d92-a7a13e3c5b51",
      "@type": "Person",
      "name": "Stéphanie Robin"
    },
    {
      "@id": "#ef034fff-4cf1-4fe3-a1c1-4143caa9a7e6",
      "@type": "Person",
      "name": "Anthony Bretaudeau"
    },
    {
      "@id": "#adac317c-0676-43b9-8221-2d0e4ddf2d90",
      "@type": "Person",
      "name": "Alexandre Cormier"
    },
    {
      "@id": "#3ee864e9-b8b7-4883-a8f0-f8e6208e2f93",
      "@type": "Person",
      "name": "Laura Leroi"
    }
  ]
}