{
  "@context": "https://w3id.org/ro/crate/1.1/context",
  "@graph": [
    {
      "@id": "ro-crate-metadata.json",
      "@type": "CreativeWork",
      "about": {
        "@id": "./"
      },
      "conformsTo": [
        {
          "@id": "https://w3id.org/ro/crate/1.1"
        },
        {
          "@id": "https://about.workflowhub.eu/Workflow-RO-Crate/"
        }
      ]
    },
    {
      "@id": "./",
      "@type": "Dataset",
      "datePublished": "2023-12-04T01:12:00.620+00:00",
      "mainEntity": {
        "@id": "main_workflow.ga"
      }
    },
    {
      "@id": "main_workflow.ga",
      "@type": [
        "File",
        "SoftwareSourceCode",
        "ComputationalWorkflow"
      ],
      "author": [
        {
          "@id": "#3c15c787-575d-4761-8af3-5c6405f8c1db"
        },
        {
          "@id": "#e646c045-8c07-4f98-a209-525b71d0cfc5"
        },
        {
          "@id": "#89af3cd7-4e0a-4e4c-b575-08f505ed5ff0"
        },
        {
          "@id": "#4294b70f-6da3-4191-9a1d-829073f0f798"
        },
        {
          "@id": "#c83a3b59-a685-4a63-8360-1ac668ed98ad"
        }
      ],
      "license": {
        "@id": "https://spdx.org/licenses/GPL-3.0-or-later"
      },
      "name": "Genome Assembly Quality Control",
      "version": 1,
      "programmingLanguage": {
        "@id": "https://w3id.org/workflowhub/workflow-ro-crate#galaxy"
      }
    },
    {
      "@id": "https://spdx.org/licenses/GPL-3.0-or-later",
      "@type": "CreativeWork",
      "name": "GPL-3.0-or-later"
    },
    {
      "@id": "https://w3id.org/workflowhub/workflow-ro-crate#galaxy",
      "@type": "ComputerLanguage",
      "identifier": {
        "@id": "https://galaxyproject.org/"
      },
      "name": "Galaxy",
      "url": {
        "@id": "https://galaxyproject.org/"
      },
      "version": "23.1"
    },
    {
      "@id": "#3c15c787-575d-4761-8af3-5c6405f8c1db",
      "@type": "Person",
      "name": "Erwan Corre"
    },
    {
      "@id": "#e646c045-8c07-4f98-a209-525b71d0cfc5",
      "@type": "Person",
      "name": "Stéphanie Robin"
    },
    {
      "@id": "#89af3cd7-4e0a-4e4c-b575-08f505ed5ff0",
      "@type": "Person",
      "name": "Anthony Bretaudeau"
    },
    {
      "@id": "#4294b70f-6da3-4191-9a1d-829073f0f798",
      "@type": "Person",
      "name": "Alexandre Cormier"
    },
    {
      "@id": "#c83a3b59-a685-4a63-8360-1ac668ed98ad",
      "@type": "Person",
      "name": "Laura Leroi"
    }
  ]
}