{
  "@context": "https://w3id.org/ro/crate/1.1/context",
  "@graph": [
    {
      "@id": "ro-crate-metadata.json",
      "@type": "CreativeWork",
      "about": {
        "@id": "./"
      },
      "conformsTo": [
        {
          "@id": "https://w3id.org/ro/crate/1.1"
        },
        {
          "@id": "https://about.workflowhub.eu/Workflow-RO-Crate/"
        }
      ]
    },
    {
      "@id": "./",
      "@type": "Dataset",
      "datePublished": "2023-11-28T01:12:11.975+00:00",
      "mainEntity": {
        "@id": "main_workflow.ga"
      }
    },
    {
      "@id": "main_workflow.ga",
      "@type": [
        "File",
        "SoftwareSourceCode",
        "ComputationalWorkflow"
      ],
      "author": [
        {
          "@id": "#f7c00eaa-191d-4c5c-a16e-8c5e2997142d"
        },
        {
          "@id": "#16c1424a-8d86-4665-86e6-05c149ecd2cf"
        },
        {
          "@id": "#e9f05722-c474-4bab-8d55-70f9f6729775"
        },
        {
          "@id": "#f7934dbc-0650-49c9-915f-efb70506ccc6"
        },
        {
          "@id": "#14a1914e-0ad9-4f60-858c-f5f9e8b48eb0"
        }
      ],
      "license": {
        "@id": "https://spdx.org/licenses/GPL-3.0-or-later"
      },
      "name": "Genome Assembly Quality Control",
      "version": 1,
      "programmingLanguage": {
        "@id": "https://w3id.org/workflowhub/workflow-ro-crate#galaxy"
      }
    },
    {
      "@id": "https://spdx.org/licenses/GPL-3.0-or-later",
      "@type": "CreativeWork",
      "name": "GPL-3.0-or-later"
    },
    {
      "@id": "https://w3id.org/workflowhub/workflow-ro-crate#galaxy",
      "@type": "ComputerLanguage",
      "identifier": {
        "@id": "https://galaxyproject.org/"
      },
      "name": "Galaxy",
      "url": {
        "@id": "https://galaxyproject.org/"
      },
      "version": "23.1"
    },
    {
      "@id": "#f7c00eaa-191d-4c5c-a16e-8c5e2997142d",
      "@type": "Person",
      "name": "Erwan Corre"
    },
    {
      "@id": "#16c1424a-8d86-4665-86e6-05c149ecd2cf",
      "@type": "Person",
      "name": "Stéphanie Robin"
    },
    {
      "@id": "#e9f05722-c474-4bab-8d55-70f9f6729775",
      "@type": "Person",
      "name": "Anthony Bretaudeau"
    },
    {
      "@id": "#f7934dbc-0650-49c9-915f-efb70506ccc6",
      "@type": "Person",
      "name": "Alexandre Cormier"
    },
    {
      "@id": "#14a1914e-0ad9-4f60-858c-f5f9e8b48eb0",
      "@type": "Person",
      "name": "Laura Leroi"
    }
  ]
}