{
  "@context": "https://w3id.org/ro/crate/1.1/context",
  "@graph": [
    {
      "@id": "ro-crate-metadata.json",
      "@type": "CreativeWork",
      "about": {
        "@id": "./"
      },
      "conformsTo": [
        {
          "@id": "https://w3id.org/ro/crate/1.1"
        },
        {
          "@id": "https://about.workflowhub.eu/Workflow-RO-Crate/"
        }
      ]
    },
    {
      "@id": "./",
      "@type": "Dataset",
      "datePublished": "2023-11-25T01:08:17.389+00:00",
      "mainEntity": {
        "@id": "main_workflow.ga"
      }
    },
    {
      "@id": "main_workflow.ga",
      "@type": [
        "File",
        "SoftwareSourceCode",
        "ComputationalWorkflow"
      ],
      "author": [
        {
          "@id": "#3bd0ec12-ece8-4643-a3dd-8e5217e11341"
        },
        {
          "@id": "#a0514365-5496-48fb-a8f9-6f1306913168"
        },
        {
          "@id": "#e50b5b86-498c-45cd-9c8a-233ff2d0a439"
        },
        {
          "@id": "#9d99cdd0-af52-4a14-955e-663638a6f292"
        },
        {
          "@id": "#56bc50ff-71f2-4fd6-9f73-b12a71d42aca"
        }
      ],
      "license": {
        "@id": "https://spdx.org/licenses/GPL-3.0-or-later"
      },
      "name": "Genome Assembly Quality Control",
      "version": 1,
      "programmingLanguage": {
        "@id": "https://w3id.org/workflowhub/workflow-ro-crate#galaxy"
      }
    },
    {
      "@id": "https://spdx.org/licenses/GPL-3.0-or-later",
      "@type": "CreativeWork",
      "name": "GPL-3.0-or-later"
    },
    {
      "@id": "https://w3id.org/workflowhub/workflow-ro-crate#galaxy",
      "@type": "ComputerLanguage",
      "identifier": {
        "@id": "https://galaxyproject.org/"
      },
      "name": "Galaxy",
      "url": {
        "@id": "https://galaxyproject.org/"
      },
      "version": "23.1"
    },
    {
      "@id": "#3bd0ec12-ece8-4643-a3dd-8e5217e11341",
      "@type": "Person",
      "name": "Erwan Corre"
    },
    {
      "@id": "#a0514365-5496-48fb-a8f9-6f1306913168",
      "@type": "Person",
      "name": "Stéphanie Robin"
    },
    {
      "@id": "#e50b5b86-498c-45cd-9c8a-233ff2d0a439",
      "@type": "Person",
      "name": "Anthony Bretaudeau"
    },
    {
      "@id": "#9d99cdd0-af52-4a14-955e-663638a6f292",
      "@type": "Person",
      "name": "Alexandre Cormier"
    },
    {
      "@id": "#56bc50ff-71f2-4fd6-9f73-b12a71d42aca",
      "@type": "Person",
      "name": "Laura Leroi"
    }
  ]
}