{
  "@context": "https://w3id.org/ro/crate/1.1/context",
  "@graph": [
    {
      "@id": "ro-crate-metadata.json",
      "@type": "CreativeWork",
      "about": {
        "@id": "./"
      },
      "conformsTo": [
        {
          "@id": "https://w3id.org/ro/crate/1.1"
        },
        {
          "@id": "https://about.workflowhub.eu/Workflow-RO-Crate/"
        }
      ]
    },
    {
      "@id": "./",
      "@type": "Dataset",
      "datePublished": "2023-12-23T01:07:37.401+00:00",
      "mainEntity": {
        "@id": "main_workflow.ga"
      }
    },
    {
      "@id": "main_workflow.ga",
      "@type": [
        "File",
        "SoftwareSourceCode",
        "ComputationalWorkflow"
      ],
      "author": [
        {
          "@id": "#9e404fc5-c544-43f9-9ee5-727d8e1a18e4"
        },
        {
          "@id": "#80b60819-d454-4a08-bde1-45d80b18f996"
        },
        {
          "@id": "#dc8721ba-2381-4d35-ac94-591ef5762063"
        },
        {
          "@id": "#63d2dd66-7e5c-4ff2-8d60-8cdcd11a95ed"
        },
        {
          "@id": "#d0fe0721-f909-4a07-aeba-9e9480af6c7a"
        }
      ],
      "license": {
        "@id": "https://spdx.org/licenses/GPL-3.0-or-later"
      },
      "name": "Genome Assembly Quality Control",
      "version": 1,
      "programmingLanguage": {
        "@id": "https://w3id.org/workflowhub/workflow-ro-crate#galaxy"
      }
    },
    {
      "@id": "https://spdx.org/licenses/GPL-3.0-or-later",
      "@type": "CreativeWork",
      "name": "GPL-3.0-or-later"
    },
    {
      "@id": "https://w3id.org/workflowhub/workflow-ro-crate#galaxy",
      "@type": "ComputerLanguage",
      "identifier": {
        "@id": "https://galaxyproject.org/"
      },
      "name": "Galaxy",
      "url": {
        "@id": "https://galaxyproject.org/"
      },
      "version": "23.1"
    },
    {
      "@id": "#9e404fc5-c544-43f9-9ee5-727d8e1a18e4",
      "@type": "Person",
      "name": "Erwan Corre"
    },
    {
      "@id": "#80b60819-d454-4a08-bde1-45d80b18f996",
      "@type": "Person",
      "name": "Stéphanie Robin"
    },
    {
      "@id": "#dc8721ba-2381-4d35-ac94-591ef5762063",
      "@type": "Person",
      "name": "Anthony Bretaudeau"
    },
    {
      "@id": "#63d2dd66-7e5c-4ff2-8d60-8cdcd11a95ed",
      "@type": "Person",
      "name": "Alexandre Cormier"
    },
    {
      "@id": "#d0fe0721-f909-4a07-aeba-9e9480af6c7a",
      "@type": "Person",
      "name": "Laura Leroi"
    }
  ]
}