{
  "@context": "https://w3id.org/ro/crate/1.1/context",
  "@graph": [
    {
      "@id": "ro-crate-metadata.json",
      "@type": "CreativeWork",
      "about": {
        "@id": "./"
      },
      "conformsTo": [
        {
          "@id": "https://w3id.org/ro/crate/1.1"
        },
        {
          "@id": "https://about.workflowhub.eu/Workflow-RO-Crate/"
        }
      ]
    },
    {
      "@id": "./",
      "@type": "Dataset",
      "datePublished": "2023-12-11T01:12:21.489+00:00",
      "mainEntity": {
        "@id": "main_workflow.ga"
      }
    },
    {
      "@id": "main_workflow.ga",
      "@type": [
        "File",
        "SoftwareSourceCode",
        "ComputationalWorkflow"
      ],
      "author": [
        {
          "@id": "#37da321a-7bdf-4899-b9f3-42adbe65f832"
        },
        {
          "@id": "#0de7e358-8f3a-43c7-ab56-f2a4e31c2cc1"
        },
        {
          "@id": "#4535c8a5-b9f3-4901-91bc-5f8111a769c1"
        },
        {
          "@id": "#4037264d-b5ea-4134-a1b6-49e8e5f81983"
        },
        {
          "@id": "#fa1c356a-790d-46e3-87d3-21cb739ca48b"
        }
      ],
      "license": {
        "@id": "https://spdx.org/licenses/GPL-3.0-or-later"
      },
      "name": "Genome Assembly Quality Control",
      "version": 1,
      "programmingLanguage": {
        "@id": "https://w3id.org/workflowhub/workflow-ro-crate#galaxy"
      }
    },
    {
      "@id": "https://spdx.org/licenses/GPL-3.0-or-later",
      "@type": "CreativeWork",
      "name": "GPL-3.0-or-later"
    },
    {
      "@id": "https://w3id.org/workflowhub/workflow-ro-crate#galaxy",
      "@type": "ComputerLanguage",
      "identifier": {
        "@id": "https://galaxyproject.org/"
      },
      "name": "Galaxy",
      "url": {
        "@id": "https://galaxyproject.org/"
      },
      "version": "23.1"
    },
    {
      "@id": "#37da321a-7bdf-4899-b9f3-42adbe65f832",
      "@type": "Person",
      "name": "Erwan Corre"
    },
    {
      "@id": "#0de7e358-8f3a-43c7-ab56-f2a4e31c2cc1",
      "@type": "Person",
      "name": "Stéphanie Robin"
    },
    {
      "@id": "#4535c8a5-b9f3-4901-91bc-5f8111a769c1",
      "@type": "Person",
      "name": "Anthony Bretaudeau"
    },
    {
      "@id": "#4037264d-b5ea-4134-a1b6-49e8e5f81983",
      "@type": "Person",
      "name": "Alexandre Cormier"
    },
    {
      "@id": "#fa1c356a-790d-46e3-87d3-21cb739ca48b",
      "@type": "Person",
      "name": "Laura Leroi"
    }
  ]
}