{
  "@context": "https://w3id.org/ro/crate/1.1/context",
  "@graph": [
    {
      "@id": "ro-crate-metadata.json",
      "@type": "CreativeWork",
      "about": {
        "@id": "./"
      },
      "conformsTo": [
        {
          "@id": "https://w3id.org/ro/crate/1.1"
        },
        {
          "@id": "https://about.workflowhub.eu/Workflow-RO-Crate/"
        }
      ]
    },
    {
      "@id": "./",
      "@type": "Dataset",
      "datePublished": "2024-01-14T01:18:57.252+00:00",
      "mainEntity": {
        "@id": "main_workflow.ga"
      }
    },
    {
      "@id": "main_workflow.ga",
      "@type": [
        "File",
        "SoftwareSourceCode",
        "ComputationalWorkflow"
      ],
      "author": [
        {
          "@id": "#9bb79704-dff7-4184-baa2-b0017c769f98"
        },
        {
          "@id": "#a3652b89-d15c-4f4a-99e6-8e3149afb720"
        },
        {
          "@id": "#bd4d706f-9fa3-4a96-9c2f-2be8fd492907"
        },
        {
          "@id": "#f72e4e8c-d8e4-4f8b-a692-d4ffb3794fe3"
        },
        {
          "@id": "#23f54bfb-15f4-43f9-a9c4-3bc928cea300"
        }
      ],
      "license": {
        "@id": "https://spdx.org/licenses/GPL-3.0-or-later"
      },
      "name": "Genome Assembly Quality Control",
      "version": 1,
      "programmingLanguage": {
        "@id": "https://w3id.org/workflowhub/workflow-ro-crate#galaxy"
      }
    },
    {
      "@id": "https://spdx.org/licenses/GPL-3.0-or-later",
      "@type": "CreativeWork",
      "name": "GPL-3.0-or-later"
    },
    {
      "@id": "https://w3id.org/workflowhub/workflow-ro-crate#galaxy",
      "@type": "ComputerLanguage",
      "identifier": {
        "@id": "https://galaxyproject.org/"
      },
      "name": "Galaxy",
      "url": {
        "@id": "https://galaxyproject.org/"
      },
      "version": "23.1"
    },
    {
      "@id": "#9bb79704-dff7-4184-baa2-b0017c769f98",
      "@type": "Person",
      "name": "Erwan Corre"
    },
    {
      "@id": "#a3652b89-d15c-4f4a-99e6-8e3149afb720",
      "@type": "Person",
      "name": "Stéphanie Robin"
    },
    {
      "@id": "#bd4d706f-9fa3-4a96-9c2f-2be8fd492907",
      "@type": "Person",
      "name": "Anthony Bretaudeau"
    },
    {
      "@id": "#f72e4e8c-d8e4-4f8b-a692-d4ffb3794fe3",
      "@type": "Person",
      "name": "Alexandre Cormier"
    },
    {
      "@id": "#23f54bfb-15f4-43f9-a9c4-3bc928cea300",
      "@type": "Person",
      "name": "Laura Leroi"
    }
  ]
}