{
  "@context": "https://w3id.org/ro/crate/1.1/context",
  "@graph": [
    {
      "@id": "ro-crate-metadata.json",
      "@type": "CreativeWork",
      "about": {
        "@id": "./"
      },
      "conformsTo": [
        {
          "@id": "https://w3id.org/ro/crate/1.1"
        },
        {
          "@id": "https://about.workflowhub.eu/Workflow-RO-Crate/"
        }
      ]
    },
    {
      "@id": "./",
      "@type": "Dataset",
      "datePublished": "2023-11-21T01:14:55.294+00:00",
      "mainEntity": {
        "@id": "main_workflow.ga"
      }
    },
    {
      "@id": "main_workflow.ga",
      "@type": [
        "File",
        "SoftwareSourceCode",
        "ComputationalWorkflow"
      ],
      "author": [
        {
          "@id": "#846668d2-026e-499d-92dd-a98d6adb8ac0"
        },
        {
          "@id": "#c17e7a52-4191-4ab2-ba85-5bf522a929d4"
        },
        {
          "@id": "#b1785894-d812-418b-94ac-a7377f128084"
        },
        {
          "@id": "#00370ca4-920d-4d47-aa62-35e45d0cf715"
        },
        {
          "@id": "#016046dd-add6-42e9-99a4-1cb07f2ec9bb"
        }
      ],
      "license": {
        "@id": "https://spdx.org/licenses/GPL-3.0-or-later"
      },
      "name": "Genome Assembly Quality Control",
      "version": 1,
      "programmingLanguage": {
        "@id": "https://w3id.org/workflowhub/workflow-ro-crate#galaxy"
      }
    },
    {
      "@id": "https://spdx.org/licenses/GPL-3.0-or-later",
      "@type": "CreativeWork",
      "name": "GPL-3.0-or-later"
    },
    {
      "@id": "https://w3id.org/workflowhub/workflow-ro-crate#galaxy",
      "@type": "ComputerLanguage",
      "identifier": {
        "@id": "https://galaxyproject.org/"
      },
      "name": "Galaxy",
      "url": {
        "@id": "https://galaxyproject.org/"
      },
      "version": "23.1"
    },
    {
      "@id": "#846668d2-026e-499d-92dd-a98d6adb8ac0",
      "@type": "Person",
      "name": "Erwan Corre"
    },
    {
      "@id": "#c17e7a52-4191-4ab2-ba85-5bf522a929d4",
      "@type": "Person",
      "name": "Stéphanie Robin"
    },
    {
      "@id": "#b1785894-d812-418b-94ac-a7377f128084",
      "@type": "Person",
      "name": "Anthony Bretaudeau"
    },
    {
      "@id": "#00370ca4-920d-4d47-aa62-35e45d0cf715",
      "@type": "Person",
      "name": "Alexandre Cormier"
    },
    {
      "@id": "#016046dd-add6-42e9-99a4-1cb07f2ec9bb",
      "@type": "Person",
      "name": "Laura Leroi"
    }
  ]
}