{
  "@context": "https://w3id.org/ro/crate/1.1/context",
  "@graph": [
    {
      "@id": "ro-crate-metadata.json",
      "@type": "CreativeWork",
      "about": {
        "@id": "./"
      },
      "conformsTo": [
        {
          "@id": "https://w3id.org/ro/crate/1.1"
        },
        {
          "@id": "https://about.workflowhub.eu/Workflow-RO-Crate/"
        }
      ]
    },
    {
      "@id": "./",
      "@type": "Dataset",
      "datePublished": "2023-11-30T01:11:39.218+00:00",
      "mainEntity": {
        "@id": "main_workflow.ga"
      }
    },
    {
      "@id": "main_workflow.ga",
      "@type": [
        "File",
        "SoftwareSourceCode",
        "ComputationalWorkflow"
      ],
      "author": [
        {
          "@id": "#5c878eb2-1ba0-4a8a-96fd-c991d0d9b5c7"
        },
        {
          "@id": "#d786d1a7-f6ea-4e04-9174-18f54d24af2d"
        },
        {
          "@id": "#b11fa321-a5f5-427e-b357-5f84ed596d35"
        },
        {
          "@id": "#fa804d27-8b0a-46a7-aa3b-edeef0d81440"
        },
        {
          "@id": "#b05288d3-2d19-4207-bc2e-0596df0a3843"
        }
      ],
      "license": {
        "@id": "https://spdx.org/licenses/GPL-3.0-or-later"
      },
      "name": "Genome Assembly Quality Control",
      "version": 1,
      "programmingLanguage": {
        "@id": "https://w3id.org/workflowhub/workflow-ro-crate#galaxy"
      }
    },
    {
      "@id": "https://spdx.org/licenses/GPL-3.0-or-later",
      "@type": "CreativeWork",
      "name": "GPL-3.0-or-later"
    },
    {
      "@id": "https://w3id.org/workflowhub/workflow-ro-crate#galaxy",
      "@type": "ComputerLanguage",
      "identifier": {
        "@id": "https://galaxyproject.org/"
      },
      "name": "Galaxy",
      "url": {
        "@id": "https://galaxyproject.org/"
      },
      "version": "23.1"
    },
    {
      "@id": "#5c878eb2-1ba0-4a8a-96fd-c991d0d9b5c7",
      "@type": "Person",
      "name": "Erwan Corre"
    },
    {
      "@id": "#d786d1a7-f6ea-4e04-9174-18f54d24af2d",
      "@type": "Person",
      "name": "Stéphanie Robin"
    },
    {
      "@id": "#b11fa321-a5f5-427e-b357-5f84ed596d35",
      "@type": "Person",
      "name": "Anthony Bretaudeau"
    },
    {
      "@id": "#fa804d27-8b0a-46a7-aa3b-edeef0d81440",
      "@type": "Person",
      "name": "Alexandre Cormier"
    },
    {
      "@id": "#b05288d3-2d19-4207-bc2e-0596df0a3843",
      "@type": "Person",
      "name": "Laura Leroi"
    }
  ]
}