{
  "@context": "https://w3id.org/ro/crate/1.1/context",
  "@graph": [
    {
      "@id": "ro-crate-metadata.json",
      "@type": "CreativeWork",
      "about": {
        "@id": "./"
      },
      "conformsTo": [
        {
          "@id": "https://w3id.org/ro/crate/1.1"
        },
        {
          "@id": "https://about.workflowhub.eu/Workflow-RO-Crate/"
        }
      ]
    },
    {
      "@id": "./",
      "@type": "Dataset",
      "datePublished": "2023-11-14T01:09:25.471+00:00",
      "mainEntity": {
        "@id": "main_workflow.ga"
      }
    },
    {
      "@id": "main_workflow.ga",
      "@type": [
        "File",
        "SoftwareSourceCode",
        "ComputationalWorkflow"
      ],
      "author": [
        {
          "@id": "#24c64b6c-9096-45ec-995e-f34bc7790247"
        },
        {
          "@id": "#4ee80719-a39b-4531-b47d-eaccf3f52ff7"
        },
        {
          "@id": "#f28f0335-1c85-4c47-a76e-7d7ec4ca86be"
        },
        {
          "@id": "#7390ddcf-bef3-404b-9b68-34b819064ebd"
        },
        {
          "@id": "#aba0109f-3581-4d5d-bb28-1435099e1983"
        }
      ],
      "license": {
        "@id": "https://spdx.org/licenses/GPL-3.0-or-later"
      },
      "name": "Genome Assembly Quality Control",
      "version": 1,
      "programmingLanguage": {
        "@id": "https://w3id.org/workflowhub/workflow-ro-crate#galaxy"
      }
    },
    {
      "@id": "https://spdx.org/licenses/GPL-3.0-or-later",
      "@type": "CreativeWork",
      "name": "GPL-3.0-or-later"
    },
    {
      "@id": "https://w3id.org/workflowhub/workflow-ro-crate#galaxy",
      "@type": "ComputerLanguage",
      "identifier": {
        "@id": "https://galaxyproject.org/"
      },
      "name": "Galaxy",
      "url": {
        "@id": "https://galaxyproject.org/"
      },
      "version": "23.1"
    },
    {
      "@id": "#24c64b6c-9096-45ec-995e-f34bc7790247",
      "@type": "Person",
      "name": "Erwan Corre"
    },
    {
      "@id": "#4ee80719-a39b-4531-b47d-eaccf3f52ff7",
      "@type": "Person",
      "name": "Stéphanie Robin"
    },
    {
      "@id": "#f28f0335-1c85-4c47-a76e-7d7ec4ca86be",
      "@type": "Person",
      "name": "Anthony Bretaudeau"
    },
    {
      "@id": "#7390ddcf-bef3-404b-9b68-34b819064ebd",
      "@type": "Person",
      "name": "Alexandre Cormier"
    },
    {
      "@id": "#aba0109f-3581-4d5d-bb28-1435099e1983",
      "@type": "Person",
      "name": "Laura Leroi"
    }
  ]
}