{
  "@context": "https://w3id.org/ro/crate/1.1/context",
  "@graph": [
    {
      "@id": "ro-crate-metadata.json",
      "@type": "CreativeWork",
      "about": {
        "@id": "./"
      },
      "conformsTo": [
        {
          "@id": "https://w3id.org/ro/crate/1.1"
        },
        {
          "@id": "https://about.workflowhub.eu/Workflow-RO-Crate/"
        }
      ]
    },
    {
      "@id": "./",
      "@type": "Dataset",
      "datePublished": "2023-11-22T01:13:32.031+00:00",
      "mainEntity": {
        "@id": "main_workflow.ga"
      }
    },
    {
      "@id": "main_workflow.ga",
      "@type": [
        "File",
        "SoftwareSourceCode",
        "ComputationalWorkflow"
      ],
      "author": [
        {
          "@id": "#7b9c7b1e-4962-4218-ac85-ca0a17ed98e1"
        },
        {
          "@id": "#a7f6d22f-6760-4b1b-b279-4a71b21c5978"
        },
        {
          "@id": "#281475fe-d4a4-4e89-a23b-9524f79d8314"
        },
        {
          "@id": "#19008b3e-cea9-4396-bc5f-0079eb142eac"
        },
        {
          "@id": "#7bf34757-3550-4972-9be5-dd9dd291811a"
        }
      ],
      "license": {
        "@id": "https://spdx.org/licenses/GPL-3.0-or-later"
      },
      "name": "Genome Assembly Quality Control",
      "version": 1,
      "programmingLanguage": {
        "@id": "https://w3id.org/workflowhub/workflow-ro-crate#galaxy"
      }
    },
    {
      "@id": "https://spdx.org/licenses/GPL-3.0-or-later",
      "@type": "CreativeWork",
      "name": "GPL-3.0-or-later"
    },
    {
      "@id": "https://w3id.org/workflowhub/workflow-ro-crate#galaxy",
      "@type": "ComputerLanguage",
      "identifier": {
        "@id": "https://galaxyproject.org/"
      },
      "name": "Galaxy",
      "url": {
        "@id": "https://galaxyproject.org/"
      },
      "version": "23.1"
    },
    {
      "@id": "#7b9c7b1e-4962-4218-ac85-ca0a17ed98e1",
      "@type": "Person",
      "name": "Erwan Corre"
    },
    {
      "@id": "#a7f6d22f-6760-4b1b-b279-4a71b21c5978",
      "@type": "Person",
      "name": "Stéphanie Robin"
    },
    {
      "@id": "#281475fe-d4a4-4e89-a23b-9524f79d8314",
      "@type": "Person",
      "name": "Anthony Bretaudeau"
    },
    {
      "@id": "#19008b3e-cea9-4396-bc5f-0079eb142eac",
      "@type": "Person",
      "name": "Alexandre Cormier"
    },
    {
      "@id": "#7bf34757-3550-4972-9be5-dd9dd291811a",
      "@type": "Person",
      "name": "Laura Leroi"
    }
  ]
}