{
  "@context": "https://w3id.org/ro/crate/1.1/context",
  "@graph": [
    {
      "@id": "ro-crate-metadata.json",
      "@type": "CreativeWork",
      "about": {
        "@id": "./"
      },
      "conformsTo": [
        {
          "@id": "https://w3id.org/ro/crate/1.1"
        },
        {
          "@id": "https://about.workflowhub.eu/Workflow-RO-Crate/"
        }
      ]
    },
    {
      "@id": "./",
      "@type": "Dataset",
      "datePublished": "2023-12-10T01:16:06.258+00:00",
      "mainEntity": {
        "@id": "main_workflow.ga"
      }
    },
    {
      "@id": "main_workflow.ga",
      "@type": [
        "File",
        "SoftwareSourceCode",
        "ComputationalWorkflow"
      ],
      "author": [
        {
          "@id": "#51b9d6f0-be90-4160-a11e-40a95464d669"
        },
        {
          "@id": "#3118f438-9f2c-413f-b24e-c5b6c25485cf"
        },
        {
          "@id": "#230ba7b5-3372-4f8c-994b-f79e0c8e2c9e"
        },
        {
          "@id": "#856a50a4-90f7-4c05-b0d0-c304ccdc1bcf"
        },
        {
          "@id": "#98ec0031-19a5-4230-95f4-ab093d86ac42"
        }
      ],
      "license": {
        "@id": "https://spdx.org/licenses/GPL-3.0-or-later"
      },
      "name": "Genome Assembly Quality Control",
      "version": 1,
      "programmingLanguage": {
        "@id": "https://w3id.org/workflowhub/workflow-ro-crate#galaxy"
      }
    },
    {
      "@id": "https://spdx.org/licenses/GPL-3.0-or-later",
      "@type": "CreativeWork",
      "name": "GPL-3.0-or-later"
    },
    {
      "@id": "https://w3id.org/workflowhub/workflow-ro-crate#galaxy",
      "@type": "ComputerLanguage",
      "identifier": {
        "@id": "https://galaxyproject.org/"
      },
      "name": "Galaxy",
      "url": {
        "@id": "https://galaxyproject.org/"
      },
      "version": "23.1"
    },
    {
      "@id": "#51b9d6f0-be90-4160-a11e-40a95464d669",
      "@type": "Person",
      "name": "Erwan Corre"
    },
    {
      "@id": "#3118f438-9f2c-413f-b24e-c5b6c25485cf",
      "@type": "Person",
      "name": "Stéphanie Robin"
    },
    {
      "@id": "#230ba7b5-3372-4f8c-994b-f79e0c8e2c9e",
      "@type": "Person",
      "name": "Anthony Bretaudeau"
    },
    {
      "@id": "#856a50a4-90f7-4c05-b0d0-c304ccdc1bcf",
      "@type": "Person",
      "name": "Alexandre Cormier"
    },
    {
      "@id": "#98ec0031-19a5-4230-95f4-ab093d86ac42",
      "@type": "Person",
      "name": "Laura Leroi"
    }
  ]
}