{
  "@context": "https://w3id.org/ro/crate/1.1/context",
  "@graph": [
    {
      "@id": "ro-crate-metadata.json",
      "@type": "CreativeWork",
      "about": {
        "@id": "./"
      },
      "conformsTo": [
        {
          "@id": "https://w3id.org/ro/crate/1.1"
        },
        {
          "@id": "https://about.workflowhub.eu/Workflow-RO-Crate/"
        }
      ]
    },
    {
      "@id": "./",
      "@type": "Dataset",
      "datePublished": "2024-01-02T01:09:41.758+00:00",
      "mainEntity": {
        "@id": "main_workflow.ga"
      }
    },
    {
      "@id": "main_workflow.ga",
      "@type": [
        "File",
        "SoftwareSourceCode",
        "ComputationalWorkflow"
      ],
      "author": [
        {
          "@id": "#01b7e8b6-7581-4cb6-94a5-088a3073ae48"
        },
        {
          "@id": "#322f7e84-0f55-4364-918c-6359f2684d58"
        },
        {
          "@id": "#1d894e1e-6297-48f7-9b89-8bd426a765bc"
        },
        {
          "@id": "#6d9a7fa4-53de-4aff-b243-8d21b3613537"
        },
        {
          "@id": "#3ca2af69-19cf-45fe-a9b3-7d355b6c5f88"
        }
      ],
      "license": {
        "@id": "https://spdx.org/licenses/GPL-3.0-or-later"
      },
      "name": "Genome Assembly Quality Control",
      "version": 1,
      "programmingLanguage": {
        "@id": "https://w3id.org/workflowhub/workflow-ro-crate#galaxy"
      }
    },
    {
      "@id": "https://spdx.org/licenses/GPL-3.0-or-later",
      "@type": "CreativeWork",
      "name": "GPL-3.0-or-later"
    },
    {
      "@id": "https://w3id.org/workflowhub/workflow-ro-crate#galaxy",
      "@type": "ComputerLanguage",
      "identifier": {
        "@id": "https://galaxyproject.org/"
      },
      "name": "Galaxy",
      "url": {
        "@id": "https://galaxyproject.org/"
      },
      "version": "23.1"
    },
    {
      "@id": "#01b7e8b6-7581-4cb6-94a5-088a3073ae48",
      "@type": "Person",
      "name": "Erwan Corre"
    },
    {
      "@id": "#322f7e84-0f55-4364-918c-6359f2684d58",
      "@type": "Person",
      "name": "Stéphanie Robin"
    },
    {
      "@id": "#1d894e1e-6297-48f7-9b89-8bd426a765bc",
      "@type": "Person",
      "name": "Anthony Bretaudeau"
    },
    {
      "@id": "#6d9a7fa4-53de-4aff-b243-8d21b3613537",
      "@type": "Person",
      "name": "Alexandre Cormier"
    },
    {
      "@id": "#3ca2af69-19cf-45fe-a9b3-7d355b6c5f88",
      "@type": "Person",
      "name": "Laura Leroi"
    }
  ]
}