{
  "@context": "https://w3id.org/ro/crate/1.1/context",
  "@graph": [
    {
      "@id": "ro-crate-metadata.json",
      "@type": "CreativeWork",
      "about": {
        "@id": "./"
      },
      "conformsTo": [
        {
          "@id": "https://w3id.org/ro/crate/1.1"
        },
        {
          "@id": "https://about.workflowhub.eu/Workflow-RO-Crate/"
        }
      ]
    },
    {
      "@id": "./",
      "@type": "Dataset",
      "datePublished": "2023-12-25T01:11:49.504+00:00",
      "mainEntity": {
        "@id": "main_workflow.ga"
      }
    },
    {
      "@id": "main_workflow.ga",
      "@type": [
        "File",
        "SoftwareSourceCode",
        "ComputationalWorkflow"
      ],
      "author": [
        {
          "@id": "#5cd91947-fecf-463d-a72f-4ee2bf24f288"
        },
        {
          "@id": "#362f352a-5083-457a-b31d-c08ec2927cab"
        },
        {
          "@id": "#bddb25e9-11e0-49db-8402-fdb12ad6e491"
        },
        {
          "@id": "#3ca32596-d3c2-4e2a-9d2e-bedb10501a72"
        },
        {
          "@id": "#a79b94d6-b0a9-4c1f-9095-42feee39b66f"
        }
      ],
      "license": {
        "@id": "https://spdx.org/licenses/GPL-3.0-or-later"
      },
      "name": "Genome Assembly Quality Control",
      "version": 1,
      "programmingLanguage": {
        "@id": "https://w3id.org/workflowhub/workflow-ro-crate#galaxy"
      }
    },
    {
      "@id": "https://spdx.org/licenses/GPL-3.0-or-later",
      "@type": "CreativeWork",
      "name": "GPL-3.0-or-later"
    },
    {
      "@id": "https://w3id.org/workflowhub/workflow-ro-crate#galaxy",
      "@type": "ComputerLanguage",
      "identifier": {
        "@id": "https://galaxyproject.org/"
      },
      "name": "Galaxy",
      "url": {
        "@id": "https://galaxyproject.org/"
      },
      "version": "23.1"
    },
    {
      "@id": "#5cd91947-fecf-463d-a72f-4ee2bf24f288",
      "@type": "Person",
      "name": "Erwan Corre"
    },
    {
      "@id": "#362f352a-5083-457a-b31d-c08ec2927cab",
      "@type": "Person",
      "name": "Stéphanie Robin"
    },
    {
      "@id": "#bddb25e9-11e0-49db-8402-fdb12ad6e491",
      "@type": "Person",
      "name": "Anthony Bretaudeau"
    },
    {
      "@id": "#3ca32596-d3c2-4e2a-9d2e-bedb10501a72",
      "@type": "Person",
      "name": "Alexandre Cormier"
    },
    {
      "@id": "#a79b94d6-b0a9-4c1f-9095-42feee39b66f",
      "@type": "Person",
      "name": "Laura Leroi"
    }
  ]
}