{
  "@context": "https://w3id.org/ro/crate/1.1/context",
  "@graph": [
    {
      "@id": "ro-crate-metadata.json",
      "@type": "CreativeWork",
      "about": {
        "@id": "./"
      },
      "conformsTo": [
        {
          "@id": "https://w3id.org/ro/crate/1.1"
        },
        {
          "@id": "https://about.workflowhub.eu/Workflow-RO-Crate/"
        }
      ]
    },
    {
      "@id": "./",
      "@type": "Dataset",
      "datePublished": "2024-01-22T01:16:01.707+00:00",
      "mainEntity": {
        "@id": "main_workflow.ga"
      }
    },
    {
      "@id": "main_workflow.ga",
      "@type": [
        "File",
        "SoftwareSourceCode",
        "ComputationalWorkflow"
      ],
      "author": [
        {
          "@id": "#0633507f-d841-4af9-910d-38af2d0abb1e"
        },
        {
          "@id": "#9e26c0fc-0c21-43f8-b220-f161de40a8ff"
        },
        {
          "@id": "#545cedbc-8b46-4a78-9800-ba72bf56a511"
        },
        {
          "@id": "#e111ca39-b8da-42d5-9c21-f1debb7b957c"
        },
        {
          "@id": "#cc406c03-167c-4284-914c-bdc8aac2a485"
        }
      ],
      "license": {
        "@id": "https://spdx.org/licenses/GPL-3.0-or-later"
      },
      "name": "Genome Assembly Quality Control",
      "version": 1,
      "programmingLanguage": {
        "@id": "https://w3id.org/workflowhub/workflow-ro-crate#galaxy"
      }
    },
    {
      "@id": "https://spdx.org/licenses/GPL-3.0-or-later",
      "@type": "CreativeWork",
      "name": "GPL-3.0-or-later"
    },
    {
      "@id": "https://w3id.org/workflowhub/workflow-ro-crate#galaxy",
      "@type": "ComputerLanguage",
      "identifier": {
        "@id": "https://galaxyproject.org/"
      },
      "name": "Galaxy",
      "url": {
        "@id": "https://galaxyproject.org/"
      },
      "version": "23.1"
    },
    {
      "@id": "#0633507f-d841-4af9-910d-38af2d0abb1e",
      "@type": "Person",
      "name": "Erwan Corre"
    },
    {
      "@id": "#9e26c0fc-0c21-43f8-b220-f161de40a8ff",
      "@type": "Person",
      "name": "Stéphanie Robin"
    },
    {
      "@id": "#545cedbc-8b46-4a78-9800-ba72bf56a511",
      "@type": "Person",
      "name": "Anthony Bretaudeau"
    },
    {
      "@id": "#e111ca39-b8da-42d5-9c21-f1debb7b957c",
      "@type": "Person",
      "name": "Alexandre Cormier"
    },
    {
      "@id": "#cc406c03-167c-4284-914c-bdc8aac2a485",
      "@type": "Person",
      "name": "Laura Leroi"
    }
  ]
}