{
  "@context": "https://w3id.org/ro/crate/1.1/context",
  "@graph": [
    {
      "@id": "ro-crate-metadata.json",
      "@type": "CreativeWork",
      "about": {
        "@id": "./"
      },
      "conformsTo": [
        {
          "@id": "https://w3id.org/ro/crate/1.1"
        },
        {
          "@id": "https://about.workflowhub.eu/Workflow-RO-Crate/"
        }
      ]
    },
    {
      "@id": "./",
      "@type": "Dataset",
      "datePublished": "2023-12-12T01:14:19.325+00:00",
      "mainEntity": {
        "@id": "main_workflow.ga"
      }
    },
    {
      "@id": "main_workflow.ga",
      "@type": [
        "File",
        "SoftwareSourceCode",
        "ComputationalWorkflow"
      ],
      "author": [
        {
          "@id": "#a01261e6-880a-47cb-922b-2b00f3124693"
        },
        {
          "@id": "#3e0a6077-9a1e-42e6-9d29-52444c9d30bd"
        },
        {
          "@id": "#d23eb8d0-9570-42bf-bb75-973ec91f6a89"
        },
        {
          "@id": "#199587c2-2189-4262-a3f3-5178a19865cf"
        },
        {
          "@id": "#a559cd4b-9656-46ae-8b2a-739736b5c3ea"
        }
      ],
      "license": {
        "@id": "https://spdx.org/licenses/GPL-3.0-or-later"
      },
      "name": "Genome Assembly Quality Control",
      "version": 1,
      "programmingLanguage": {
        "@id": "https://w3id.org/workflowhub/workflow-ro-crate#galaxy"
      }
    },
    {
      "@id": "https://spdx.org/licenses/GPL-3.0-or-later",
      "@type": "CreativeWork",
      "name": "GPL-3.0-or-later"
    },
    {
      "@id": "https://w3id.org/workflowhub/workflow-ro-crate#galaxy",
      "@type": "ComputerLanguage",
      "identifier": {
        "@id": "https://galaxyproject.org/"
      },
      "name": "Galaxy",
      "url": {
        "@id": "https://galaxyproject.org/"
      },
      "version": "23.1"
    },
    {
      "@id": "#a01261e6-880a-47cb-922b-2b00f3124693",
      "@type": "Person",
      "name": "Erwan Corre"
    },
    {
      "@id": "#3e0a6077-9a1e-42e6-9d29-52444c9d30bd",
      "@type": "Person",
      "name": "Stéphanie Robin"
    },
    {
      "@id": "#d23eb8d0-9570-42bf-bb75-973ec91f6a89",
      "@type": "Person",
      "name": "Anthony Bretaudeau"
    },
    {
      "@id": "#199587c2-2189-4262-a3f3-5178a19865cf",
      "@type": "Person",
      "name": "Alexandre Cormier"
    },
    {
      "@id": "#a559cd4b-9656-46ae-8b2a-739736b5c3ea",
      "@type": "Person",
      "name": "Laura Leroi"
    }
  ]
}