{
  "@context": "https://w3id.org/ro/crate/1.1/context",
  "@graph": [
    {
      "@id": "ro-crate-metadata.json",
      "@type": "CreativeWork",
      "about": {
        "@id": "./"
      },
      "conformsTo": [
        {
          "@id": "https://w3id.org/ro/crate/1.1"
        },
        {
          "@id": "https://about.workflowhub.eu/Workflow-RO-Crate/"
        }
      ]
    },
    {
      "@id": "./",
      "@type": "Dataset",
      "datePublished": "2023-11-18T01:10:20.891+00:00",
      "mainEntity": {
        "@id": "main_workflow.ga"
      }
    },
    {
      "@id": "main_workflow.ga",
      "@type": [
        "File",
        "SoftwareSourceCode",
        "ComputationalWorkflow"
      ],
      "author": [
        {
          "@id": "#aff65428-8af0-4245-9838-af6086d62f0e"
        },
        {
          "@id": "#c7a87a16-d91d-43e4-8322-06e6d6cb1ef9"
        },
        {
          "@id": "#5a83bdc9-0848-4460-9d8e-99c9c1d250d1"
        },
        {
          "@id": "#9b9f47d9-aa61-41f3-b31f-ea2d0a44024b"
        },
        {
          "@id": "#b227d3a3-c791-4314-ade8-268c91c70cef"
        }
      ],
      "license": {
        "@id": "https://spdx.org/licenses/GPL-3.0-or-later"
      },
      "name": "Genome Assembly Quality Control",
      "version": 1,
      "programmingLanguage": {
        "@id": "https://w3id.org/workflowhub/workflow-ro-crate#galaxy"
      }
    },
    {
      "@id": "https://spdx.org/licenses/GPL-3.0-or-later",
      "@type": "CreativeWork",
      "name": "GPL-3.0-or-later"
    },
    {
      "@id": "https://w3id.org/workflowhub/workflow-ro-crate#galaxy",
      "@type": "ComputerLanguage",
      "identifier": {
        "@id": "https://galaxyproject.org/"
      },
      "name": "Galaxy",
      "url": {
        "@id": "https://galaxyproject.org/"
      },
      "version": "23.1"
    },
    {
      "@id": "#aff65428-8af0-4245-9838-af6086d62f0e",
      "@type": "Person",
      "name": "Erwan Corre"
    },
    {
      "@id": "#c7a87a16-d91d-43e4-8322-06e6d6cb1ef9",
      "@type": "Person",
      "name": "Stéphanie Robin"
    },
    {
      "@id": "#5a83bdc9-0848-4460-9d8e-99c9c1d250d1",
      "@type": "Person",
      "name": "Anthony Bretaudeau"
    },
    {
      "@id": "#9b9f47d9-aa61-41f3-b31f-ea2d0a44024b",
      "@type": "Person",
      "name": "Alexandre Cormier"
    },
    {
      "@id": "#b227d3a3-c791-4314-ade8-268c91c70cef",
      "@type": "Person",
      "name": "Laura Leroi"
    }
  ]
}