{
  "@context": "https://w3id.org/ro/crate/1.1/context",
  "@graph": [
    {
      "@id": "ro-crate-metadata.json",
      "@type": "CreativeWork",
      "about": {
        "@id": "./"
      },
      "conformsTo": [
        {
          "@id": "https://w3id.org/ro/crate/1.1"
        },
        {
          "@id": "https://about.workflowhub.eu/Workflow-RO-Crate/"
        }
      ]
    },
    {
      "@id": "./",
      "@type": "Dataset",
      "datePublished": "2024-01-07T01:18:54.740+00:00",
      "mainEntity": {
        "@id": "main_workflow.ga"
      }
    },
    {
      "@id": "main_workflow.ga",
      "@type": [
        "File",
        "SoftwareSourceCode",
        "ComputationalWorkflow"
      ],
      "author": [
        {
          "@id": "#beec6348-53a6-46bb-9057-56718ec75538"
        },
        {
          "@id": "#b2420121-f1d5-4bb2-9bf5-4d5c2bd9ec7e"
        },
        {
          "@id": "#079f34f6-a392-4b00-b256-ed0aec62eb28"
        },
        {
          "@id": "#b5861b82-933d-43d6-b60d-b1df4a10efe8"
        },
        {
          "@id": "#f2ba8b81-97e8-4db7-a611-6e977e2a2ec8"
        }
      ],
      "license": {
        "@id": "https://spdx.org/licenses/GPL-3.0-or-later"
      },
      "name": "Genome Assembly Quality Control",
      "version": 1,
      "programmingLanguage": {
        "@id": "https://w3id.org/workflowhub/workflow-ro-crate#galaxy"
      }
    },
    {
      "@id": "https://spdx.org/licenses/GPL-3.0-or-later",
      "@type": "CreativeWork",
      "name": "GPL-3.0-or-later"
    },
    {
      "@id": "https://w3id.org/workflowhub/workflow-ro-crate#galaxy",
      "@type": "ComputerLanguage",
      "identifier": {
        "@id": "https://galaxyproject.org/"
      },
      "name": "Galaxy",
      "url": {
        "@id": "https://galaxyproject.org/"
      },
      "version": "23.1"
    },
    {
      "@id": "#beec6348-53a6-46bb-9057-56718ec75538",
      "@type": "Person",
      "name": "Erwan Corre"
    },
    {
      "@id": "#b2420121-f1d5-4bb2-9bf5-4d5c2bd9ec7e",
      "@type": "Person",
      "name": "Stéphanie Robin"
    },
    {
      "@id": "#079f34f6-a392-4b00-b256-ed0aec62eb28",
      "@type": "Person",
      "name": "Anthony Bretaudeau"
    },
    {
      "@id": "#b5861b82-933d-43d6-b60d-b1df4a10efe8",
      "@type": "Person",
      "name": "Alexandre Cormier"
    },
    {
      "@id": "#f2ba8b81-97e8-4db7-a611-6e977e2a2ec8",
      "@type": "Person",
      "name": "Laura Leroi"
    }
  ]
}