{
  "@context": "https://w3id.org/ro/crate/1.1/context",
  "@graph": [
    {
      "@id": "ro-crate-metadata.json",
      "@type": "CreativeWork",
      "about": {
        "@id": "./"
      },
      "conformsTo": [
        {
          "@id": "https://w3id.org/ro/crate/1.1"
        },
        {
          "@id": "https://about.workflowhub.eu/Workflow-RO-Crate/"
        }
      ]
    },
    {
      "@id": "./",
      "@type": "Dataset",
      "datePublished": "2023-12-07T01:11:45.054+00:00",
      "mainEntity": {
        "@id": "main_workflow.ga"
      }
    },
    {
      "@id": "main_workflow.ga",
      "@type": [
        "File",
        "SoftwareSourceCode",
        "ComputationalWorkflow"
      ],
      "author": [
        {
          "@id": "#e4c36113-1a72-49c5-8000-21c6a0a4f5b9"
        },
        {
          "@id": "#9eb23f2b-319a-45cb-8b2e-14ffc041253c"
        },
        {
          "@id": "#57af2204-9469-4d7d-a8bd-5590c7304102"
        },
        {
          "@id": "#ab1eb06d-2b44-4a96-89f6-ef165b1b5c73"
        },
        {
          "@id": "#8d62cb7a-b9df-4f1b-b673-4e172720248f"
        }
      ],
      "license": {
        "@id": "https://spdx.org/licenses/GPL-3.0-or-later"
      },
      "name": "Genome Assembly Quality Control",
      "version": 1,
      "programmingLanguage": {
        "@id": "https://w3id.org/workflowhub/workflow-ro-crate#galaxy"
      }
    },
    {
      "@id": "https://spdx.org/licenses/GPL-3.0-or-later",
      "@type": "CreativeWork",
      "name": "GPL-3.0-or-later"
    },
    {
      "@id": "https://w3id.org/workflowhub/workflow-ro-crate#galaxy",
      "@type": "ComputerLanguage",
      "identifier": {
        "@id": "https://galaxyproject.org/"
      },
      "name": "Galaxy",
      "url": {
        "@id": "https://galaxyproject.org/"
      },
      "version": "23.1"
    },
    {
      "@id": "#e4c36113-1a72-49c5-8000-21c6a0a4f5b9",
      "@type": "Person",
      "name": "Erwan Corre"
    },
    {
      "@id": "#9eb23f2b-319a-45cb-8b2e-14ffc041253c",
      "@type": "Person",
      "name": "Stéphanie Robin"
    },
    {
      "@id": "#57af2204-9469-4d7d-a8bd-5590c7304102",
      "@type": "Person",
      "name": "Anthony Bretaudeau"
    },
    {
      "@id": "#ab1eb06d-2b44-4a96-89f6-ef165b1b5c73",
      "@type": "Person",
      "name": "Alexandre Cormier"
    },
    {
      "@id": "#8d62cb7a-b9df-4f1b-b673-4e172720248f",
      "@type": "Person",
      "name": "Laura Leroi"
    }
  ]
}