{
  "@context": "https://w3id.org/ro/crate/1.1/context",
  "@graph": [
    {
      "@id": "ro-crate-metadata.json",
      "@type": "CreativeWork",
      "about": {
        "@id": "./"
      },
      "conformsTo": [
        {
          "@id": "https://w3id.org/ro/crate/1.1"
        },
        {
          "@id": "https://about.workflowhub.eu/Workflow-RO-Crate/"
        }
      ]
    },
    {
      "@id": "./",
      "@type": "Dataset",
      "datePublished": "2023-12-28T01:08:51.655+00:00",
      "mainEntity": {
        "@id": "main_workflow.ga"
      }
    },
    {
      "@id": "main_workflow.ga",
      "@type": [
        "File",
        "SoftwareSourceCode",
        "ComputationalWorkflow"
      ],
      "author": [
        {
          "@id": "#2bda487f-a706-4ecc-aec6-9e615ebd9a0b"
        },
        {
          "@id": "#39947a16-cfca-4902-bb40-9e7a13d3fe7f"
        },
        {
          "@id": "#351c39df-a509-4b51-93ee-28bb4bfa9fcb"
        },
        {
          "@id": "#bbea0f4a-9e5d-4c95-be7e-5f5555e5047a"
        },
        {
          "@id": "#768ef864-93de-4b0b-bf0b-651ca8c77ac1"
        }
      ],
      "license": {
        "@id": "https://spdx.org/licenses/GPL-3.0-or-later"
      },
      "name": "Genome Assembly Quality Control",
      "version": 1,
      "programmingLanguage": {
        "@id": "https://w3id.org/workflowhub/workflow-ro-crate#galaxy"
      }
    },
    {
      "@id": "https://spdx.org/licenses/GPL-3.0-or-later",
      "@type": "CreativeWork",
      "name": "GPL-3.0-or-later"
    },
    {
      "@id": "https://w3id.org/workflowhub/workflow-ro-crate#galaxy",
      "@type": "ComputerLanguage",
      "identifier": {
        "@id": "https://galaxyproject.org/"
      },
      "name": "Galaxy",
      "url": {
        "@id": "https://galaxyproject.org/"
      },
      "version": "23.1"
    },
    {
      "@id": "#2bda487f-a706-4ecc-aec6-9e615ebd9a0b",
      "@type": "Person",
      "name": "Erwan Corre"
    },
    {
      "@id": "#39947a16-cfca-4902-bb40-9e7a13d3fe7f",
      "@type": "Person",
      "name": "Stéphanie Robin"
    },
    {
      "@id": "#351c39df-a509-4b51-93ee-28bb4bfa9fcb",
      "@type": "Person",
      "name": "Anthony Bretaudeau"
    },
    {
      "@id": "#bbea0f4a-9e5d-4c95-be7e-5f5555e5047a",
      "@type": "Person",
      "name": "Alexandre Cormier"
    },
    {
      "@id": "#768ef864-93de-4b0b-bf0b-651ca8c77ac1",
      "@type": "Person",
      "name": "Laura Leroi"
    }
  ]
}