{
  "@context": "https://w3id.org/ro/crate/1.1/context",
  "@graph": [
    {
      "@id": "ro-crate-metadata.json",
      "@type": "CreativeWork",
      "about": {
        "@id": "./"
      },
      "conformsTo": [
        {
          "@id": "https://w3id.org/ro/crate/1.1"
        },
        {
          "@id": "https://about.workflowhub.eu/Workflow-RO-Crate/"
        }
      ]
    },
    {
      "@id": "./",
      "@type": "Dataset",
      "datePublished": "2023-11-13T01:10:48.222+00:00",
      "mainEntity": {
        "@id": "main_workflow.ga"
      }
    },
    {
      "@id": "main_workflow.ga",
      "@type": [
        "File",
        "SoftwareSourceCode",
        "ComputationalWorkflow"
      ],
      "author": [
        {
          "@id": "#2e2742b5-353f-42ea-95bc-9fcc3b966ad7"
        },
        {
          "@id": "#bc8395bd-edd7-4132-aaf3-3f43003d833f"
        },
        {
          "@id": "#d6a85337-5fcf-4722-a9a7-ab0846f1626f"
        },
        {
          "@id": "#6460159f-4b59-493b-a42b-b98c42a04ddc"
        },
        {
          "@id": "#118ab626-52b9-4d93-855d-dad6586d82f8"
        }
      ],
      "license": {
        "@id": "https://spdx.org/licenses/GPL-3.0-or-later"
      },
      "name": "Genome Assembly Quality Control",
      "version": 1,
      "programmingLanguage": {
        "@id": "https://w3id.org/workflowhub/workflow-ro-crate#galaxy"
      }
    },
    {
      "@id": "https://spdx.org/licenses/GPL-3.0-or-later",
      "@type": "CreativeWork",
      "name": "GPL-3.0-or-later"
    },
    {
      "@id": "https://w3id.org/workflowhub/workflow-ro-crate#galaxy",
      "@type": "ComputerLanguage",
      "identifier": {
        "@id": "https://galaxyproject.org/"
      },
      "name": "Galaxy",
      "url": {
        "@id": "https://galaxyproject.org/"
      },
      "version": "23.1"
    },
    {
      "@id": "#2e2742b5-353f-42ea-95bc-9fcc3b966ad7",
      "@type": "Person",
      "name": "Erwan Corre"
    },
    {
      "@id": "#bc8395bd-edd7-4132-aaf3-3f43003d833f",
      "@type": "Person",
      "name": "Stéphanie Robin"
    },
    {
      "@id": "#d6a85337-5fcf-4722-a9a7-ab0846f1626f",
      "@type": "Person",
      "name": "Anthony Bretaudeau"
    },
    {
      "@id": "#6460159f-4b59-493b-a42b-b98c42a04ddc",
      "@type": "Person",
      "name": "Alexandre Cormier"
    },
    {
      "@id": "#118ab626-52b9-4d93-855d-dad6586d82f8",
      "@type": "Person",
      "name": "Laura Leroi"
    }
  ]
}