{
  "@context": "https://w3id.org/ro/crate/1.1/context",
  "@graph": [
    {
      "@id": "ro-crate-metadata.json",
      "@type": "CreativeWork",
      "about": {
        "@id": "./"
      },
      "conformsTo": [
        {
          "@id": "https://w3id.org/ro/crate/1.1"
        },
        {
          "@id": "https://about.workflowhub.eu/Workflow-RO-Crate/"
        }
      ]
    },
    {
      "@id": "./",
      "@type": "Dataset",
      "datePublished": "2024-01-23T01:14:13.759+00:00",
      "mainEntity": {
        "@id": "main_workflow.ga"
      }
    },
    {
      "@id": "main_workflow.ga",
      "@type": [
        "File",
        "SoftwareSourceCode",
        "ComputationalWorkflow"
      ],
      "author": [
        {
          "@id": "#8459ee5e-d184-46d2-a740-2618c73adaad"
        },
        {
          "@id": "#219f700c-90d7-4cfc-aa22-af4d5462d325"
        },
        {
          "@id": "#4950bfc7-2984-4675-a5b7-7711f476ef6e"
        },
        {
          "@id": "#c2c672ff-a8c0-4a3d-bbea-a526d611f458"
        },
        {
          "@id": "#c6b6ba7f-adf8-40aa-b530-1dddefc9d496"
        }
      ],
      "license": {
        "@id": "https://spdx.org/licenses/GPL-3.0-or-later"
      },
      "name": "Genome Assembly Quality Control",
      "version": 1,
      "programmingLanguage": {
        "@id": "https://w3id.org/workflowhub/workflow-ro-crate#galaxy"
      }
    },
    {
      "@id": "https://spdx.org/licenses/GPL-3.0-or-later",
      "@type": "CreativeWork",
      "name": "GPL-3.0-or-later"
    },
    {
      "@id": "https://w3id.org/workflowhub/workflow-ro-crate#galaxy",
      "@type": "ComputerLanguage",
      "identifier": {
        "@id": "https://galaxyproject.org/"
      },
      "name": "Galaxy",
      "url": {
        "@id": "https://galaxyproject.org/"
      },
      "version": "23.1"
    },
    {
      "@id": "#8459ee5e-d184-46d2-a740-2618c73adaad",
      "@type": "Person",
      "name": "Erwan Corre"
    },
    {
      "@id": "#219f700c-90d7-4cfc-aa22-af4d5462d325",
      "@type": "Person",
      "name": "Stéphanie Robin"
    },
    {
      "@id": "#4950bfc7-2984-4675-a5b7-7711f476ef6e",
      "@type": "Person",
      "name": "Anthony Bretaudeau"
    },
    {
      "@id": "#c2c672ff-a8c0-4a3d-bbea-a526d611f458",
      "@type": "Person",
      "name": "Alexandre Cormier"
    },
    {
      "@id": "#c6b6ba7f-adf8-40aa-b530-1dddefc9d496",
      "@type": "Person",
      "name": "Laura Leroi"
    }
  ]
}