{
  "@context": "https://w3id.org/ro/crate/1.1/context",
  "@graph": [
    {
      "@id": "ro-crate-metadata.json",
      "@type": "CreativeWork",
      "about": {
        "@id": "./"
      },
      "conformsTo": [
        {
          "@id": "https://w3id.org/ro/crate/1.1"
        },
        {
          "@id": "https://about.workflowhub.eu/Workflow-RO-Crate/"
        }
      ]
    },
    {
      "@id": "./",
      "@type": "Dataset",
      "datePublished": "2023-12-16T01:11:02.283+00:00",
      "mainEntity": {
        "@id": "main_workflow.ga"
      }
    },
    {
      "@id": "main_workflow.ga",
      "@type": [
        "File",
        "SoftwareSourceCode",
        "ComputationalWorkflow"
      ],
      "author": [
        {
          "@id": "#e8dca095-1d84-4f95-a3b6-b40f3593eacf"
        },
        {
          "@id": "#bf40b9f6-da24-49f7-80c7-b8e53c22088f"
        },
        {
          "@id": "#663f87c5-68f8-4c72-8bee-a3994d0cea12"
        },
        {
          "@id": "#5504b79b-7fa7-4e5c-b6ea-225f4408bdd2"
        },
        {
          "@id": "#82ae4c7d-ec34-40d4-a345-a6d23aa5712f"
        }
      ],
      "license": {
        "@id": "https://spdx.org/licenses/GPL-3.0-or-later"
      },
      "name": "Genome Assembly Quality Control",
      "version": 1,
      "programmingLanguage": {
        "@id": "https://w3id.org/workflowhub/workflow-ro-crate#galaxy"
      }
    },
    {
      "@id": "https://spdx.org/licenses/GPL-3.0-or-later",
      "@type": "CreativeWork",
      "name": "GPL-3.0-or-later"
    },
    {
      "@id": "https://w3id.org/workflowhub/workflow-ro-crate#galaxy",
      "@type": "ComputerLanguage",
      "identifier": {
        "@id": "https://galaxyproject.org/"
      },
      "name": "Galaxy",
      "url": {
        "@id": "https://galaxyproject.org/"
      },
      "version": "23.1"
    },
    {
      "@id": "#e8dca095-1d84-4f95-a3b6-b40f3593eacf",
      "@type": "Person",
      "name": "Erwan Corre"
    },
    {
      "@id": "#bf40b9f6-da24-49f7-80c7-b8e53c22088f",
      "@type": "Person",
      "name": "Stéphanie Robin"
    },
    {
      "@id": "#663f87c5-68f8-4c72-8bee-a3994d0cea12",
      "@type": "Person",
      "name": "Anthony Bretaudeau"
    },
    {
      "@id": "#5504b79b-7fa7-4e5c-b6ea-225f4408bdd2",
      "@type": "Person",
      "name": "Alexandre Cormier"
    },
    {
      "@id": "#82ae4c7d-ec34-40d4-a345-a6d23aa5712f",
      "@type": "Person",
      "name": "Laura Leroi"
    }
  ]
}