{
  "@context": "https://w3id.org/ro/crate/1.1/context",
  "@graph": [
    {
      "@id": "ro-crate-metadata.json",
      "@type": "CreativeWork",
      "about": {
        "@id": "./"
      },
      "conformsTo": [
        {
          "@id": "https://w3id.org/ro/crate/1.1"
        },
        {
          "@id": "https://about.workflowhub.eu/Workflow-RO-Crate/"
        }
      ]
    },
    {
      "@id": "./",
      "@type": "Dataset",
      "datePublished": "2024-01-19T01:13:19.495+00:00",
      "mainEntity": {
        "@id": "main_workflow.ga"
      }
    },
    {
      "@id": "main_workflow.ga",
      "@type": [
        "File",
        "SoftwareSourceCode",
        "ComputationalWorkflow"
      ],
      "author": [
        {
          "@id": "#a34d5f90-a1bb-4a53-a893-983ebc35401f"
        },
        {
          "@id": "#f860eaaf-df7d-4ce3-90ec-fec54d482114"
        },
        {
          "@id": "#29da7d7e-1f71-444a-9766-96b4aca60dd3"
        },
        {
          "@id": "#57cf603c-bc55-4b33-9b16-47bb75a28e35"
        },
        {
          "@id": "#9af2c934-5c04-4650-9f70-ef553421010a"
        }
      ],
      "license": {
        "@id": "https://spdx.org/licenses/GPL-3.0-or-later"
      },
      "name": "Genome Assembly Quality Control",
      "version": 1,
      "programmingLanguage": {
        "@id": "https://w3id.org/workflowhub/workflow-ro-crate#galaxy"
      }
    },
    {
      "@id": "https://spdx.org/licenses/GPL-3.0-or-later",
      "@type": "CreativeWork",
      "name": "GPL-3.0-or-later"
    },
    {
      "@id": "https://w3id.org/workflowhub/workflow-ro-crate#galaxy",
      "@type": "ComputerLanguage",
      "identifier": {
        "@id": "https://galaxyproject.org/"
      },
      "name": "Galaxy",
      "url": {
        "@id": "https://galaxyproject.org/"
      },
      "version": "23.1"
    },
    {
      "@id": "#a34d5f90-a1bb-4a53-a893-983ebc35401f",
      "@type": "Person",
      "name": "Erwan Corre"
    },
    {
      "@id": "#f860eaaf-df7d-4ce3-90ec-fec54d482114",
      "@type": "Person",
      "name": "Stéphanie Robin"
    },
    {
      "@id": "#29da7d7e-1f71-444a-9766-96b4aca60dd3",
      "@type": "Person",
      "name": "Anthony Bretaudeau"
    },
    {
      "@id": "#57cf603c-bc55-4b33-9b16-47bb75a28e35",
      "@type": "Person",
      "name": "Alexandre Cormier"
    },
    {
      "@id": "#9af2c934-5c04-4650-9f70-ef553421010a",
      "@type": "Person",
      "name": "Laura Leroi"
    }
  ]
}