{
  "@context": "https://w3id.org/ro/crate/1.1/context",
  "@graph": [
    {
      "@id": "ro-crate-metadata.json",
      "@type": "CreativeWork",
      "about": {
        "@id": "./"
      },
      "conformsTo": [
        {
          "@id": "https://w3id.org/ro/crate/1.1"
        },
        {
          "@id": "https://about.workflowhub.eu/Workflow-RO-Crate/"
        }
      ]
    },
    {
      "@id": "./",
      "@type": "Dataset",
      "datePublished": "2023-12-05T01:12:31.191+00:00",
      "mainEntity": {
        "@id": "main_workflow.ga"
      }
    },
    {
      "@id": "main_workflow.ga",
      "@type": [
        "File",
        "SoftwareSourceCode",
        "ComputationalWorkflow"
      ],
      "author": [
        {
          "@id": "#453fc633-03e9-42a2-9f5b-c86ee1a5d9f8"
        },
        {
          "@id": "#7a345e0b-b672-4096-be77-d1ff210c04c4"
        },
        {
          "@id": "#2ebfbdbb-62ff-4c5d-afa5-da30e756274d"
        },
        {
          "@id": "#dfd399bc-e409-447c-8087-251558f06ec3"
        },
        {
          "@id": "#f8cdbc7b-6046-428f-b429-e5e68b3ee8a0"
        }
      ],
      "license": {
        "@id": "https://spdx.org/licenses/GPL-3.0-or-later"
      },
      "name": "Genome Assembly Quality Control",
      "version": 1,
      "programmingLanguage": {
        "@id": "https://w3id.org/workflowhub/workflow-ro-crate#galaxy"
      }
    },
    {
      "@id": "https://spdx.org/licenses/GPL-3.0-or-later",
      "@type": "CreativeWork",
      "name": "GPL-3.0-or-later"
    },
    {
      "@id": "https://w3id.org/workflowhub/workflow-ro-crate#galaxy",
      "@type": "ComputerLanguage",
      "identifier": {
        "@id": "https://galaxyproject.org/"
      },
      "name": "Galaxy",
      "url": {
        "@id": "https://galaxyproject.org/"
      },
      "version": "23.1"
    },
    {
      "@id": "#453fc633-03e9-42a2-9f5b-c86ee1a5d9f8",
      "@type": "Person",
      "name": "Erwan Corre"
    },
    {
      "@id": "#7a345e0b-b672-4096-be77-d1ff210c04c4",
      "@type": "Person",
      "name": "Stéphanie Robin"
    },
    {
      "@id": "#2ebfbdbb-62ff-4c5d-afa5-da30e756274d",
      "@type": "Person",
      "name": "Anthony Bretaudeau"
    },
    {
      "@id": "#dfd399bc-e409-447c-8087-251558f06ec3",
      "@type": "Person",
      "name": "Alexandre Cormier"
    },
    {
      "@id": "#f8cdbc7b-6046-428f-b429-e5e68b3ee8a0",
      "@type": "Person",
      "name": "Laura Leroi"
    }
  ]
}