{
  "@context": "https://w3id.org/ro/crate/1.1/context",
  "@graph": [
    {
      "@id": "ro-crate-metadata.json",
      "@type": "CreativeWork",
      "about": {
        "@id": "./"
      },
      "conformsTo": [
        {
          "@id": "https://w3id.org/ro/crate/1.1"
        },
        {
          "@id": "https://about.workflowhub.eu/Workflow-RO-Crate/"
        }
      ]
    },
    {
      "@id": "./",
      "@type": "Dataset",
      "datePublished": "2023-12-20T00:59:09.256+00:00",
      "mainEntity": {
        "@id": "main_workflow.ga"
      }
    },
    {
      "@id": "main_workflow.ga",
      "@type": [
        "File",
        "SoftwareSourceCode",
        "ComputationalWorkflow"
      ],
      "author": [
        {
          "@id": "#fbc39b68-7372-4a12-8856-1d962019354e"
        },
        {
          "@id": "#cb004d96-e5b7-4e32-a30f-c82c4e7959a6"
        },
        {
          "@id": "#23465a28-ef97-49f7-8bce-e59143e5edf0"
        },
        {
          "@id": "#8c1cd4bc-c766-40eb-8d62-cb40754e0132"
        },
        {
          "@id": "#11516ce2-f68e-456c-809a-226e42145f9c"
        }
      ],
      "license": {
        "@id": "https://spdx.org/licenses/GPL-3.0-or-later"
      },
      "name": "Genome Assembly Quality Control",
      "version": 1,
      "programmingLanguage": {
        "@id": "https://w3id.org/workflowhub/workflow-ro-crate#galaxy"
      }
    },
    {
      "@id": "https://spdx.org/licenses/GPL-3.0-or-later",
      "@type": "CreativeWork",
      "name": "GPL-3.0-or-later"
    },
    {
      "@id": "https://w3id.org/workflowhub/workflow-ro-crate#galaxy",
      "@type": "ComputerLanguage",
      "identifier": {
        "@id": "https://galaxyproject.org/"
      },
      "name": "Galaxy",
      "url": {
        "@id": "https://galaxyproject.org/"
      },
      "version": "23.1"
    },
    {
      "@id": "#fbc39b68-7372-4a12-8856-1d962019354e",
      "@type": "Person",
      "name": "Erwan Corre"
    },
    {
      "@id": "#cb004d96-e5b7-4e32-a30f-c82c4e7959a6",
      "@type": "Person",
      "name": "Stéphanie Robin"
    },
    {
      "@id": "#23465a28-ef97-49f7-8bce-e59143e5edf0",
      "@type": "Person",
      "name": "Anthony Bretaudeau"
    },
    {
      "@id": "#8c1cd4bc-c766-40eb-8d62-cb40754e0132",
      "@type": "Person",
      "name": "Alexandre Cormier"
    },
    {
      "@id": "#11516ce2-f68e-456c-809a-226e42145f9c",
      "@type": "Person",
      "name": "Laura Leroi"
    }
  ]
}