{
  "@context": "https://w3id.org/ro/crate/1.1/context",
  "@graph": [
    {
      "@id": "ro-crate-metadata.json",
      "@type": "CreativeWork",
      "about": {
        "@id": "./"
      },
      "conformsTo": [
        {
          "@id": "https://w3id.org/ro/crate/1.1"
        },
        {
          "@id": "https://about.workflowhub.eu/Workflow-RO-Crate/"
        }
      ]
    },
    {
      "@id": "./",
      "@type": "Dataset",
      "datePublished": "2023-11-11T02:28:22.209+00:00",
      "mainEntity": {
        "@id": "main_workflow.ga"
      }
    },
    {
      "@id": "main_workflow.ga",
      "@type": [
        "File",
        "SoftwareSourceCode",
        "ComputationalWorkflow"
      ],
      "author": [
        {
          "@id": "#3791b485-b5ea-40c3-be9c-9352b4d3550c"
        },
        {
          "@id": "#fc45cf81-8775-494b-b9be-ef49f598b392"
        },
        {
          "@id": "#9e9dd6fe-0e13-4c13-85d6-324ca193ce87"
        },
        {
          "@id": "#8b2aa5f4-6f5f-4752-94f1-f22f318dfb62"
        },
        {
          "@id": "#63942888-457e-470c-b3f6-38bb7d256ee8"
        }
      ],
      "license": {
        "@id": "https://spdx.org/licenses/GPL-3.0-or-later"
      },
      "name": "Genome Assembly Quality Control",
      "version": 1,
      "programmingLanguage": {
        "@id": "https://w3id.org/workflowhub/workflow-ro-crate#galaxy"
      }
    },
    {
      "@id": "https://spdx.org/licenses/GPL-3.0-or-later",
      "@type": "CreativeWork",
      "name": "GPL-3.0-or-later"
    },
    {
      "@id": "https://w3id.org/workflowhub/workflow-ro-crate#galaxy",
      "@type": "ComputerLanguage",
      "identifier": {
        "@id": "https://galaxyproject.org/"
      },
      "name": "Galaxy",
      "url": {
        "@id": "https://galaxyproject.org/"
      },
      "version": "23.1"
    },
    {
      "@id": "#3791b485-b5ea-40c3-be9c-9352b4d3550c",
      "@type": "Person",
      "name": "Erwan Corre"
    },
    {
      "@id": "#fc45cf81-8775-494b-b9be-ef49f598b392",
      "@type": "Person",
      "name": "Stéphanie Robin"
    },
    {
      "@id": "#9e9dd6fe-0e13-4c13-85d6-324ca193ce87",
      "@type": "Person",
      "name": "Anthony Bretaudeau"
    },
    {
      "@id": "#8b2aa5f4-6f5f-4752-94f1-f22f318dfb62",
      "@type": "Person",
      "name": "Alexandre Cormier"
    },
    {
      "@id": "#63942888-457e-470c-b3f6-38bb7d256ee8",
      "@type": "Person",
      "name": "Laura Leroi"
    }
  ]
}